County,Region,State,sf_count,GEOID,GEOIDFQ,STATE_NAME,STATEFP,COUNTYFP,COUNTYNS,TOTAL_BUILDINGS,BUILDINGS_FRACTION_ME,BUILDINGS_FRACTION_IE,BUILDINGS_FRACTION_DE,BP_STATE_RANK,BP_NATIONAL_RANK,RISK_STATE_RANK,RISK_NATIONAL_RANK
ACADIA,06,LA,1,22001,0500000US22001,Louisiana,22,1,558389,41126,0.244516851,0.259252055,0.496231095,0.429,0.338,0.349,0.316
ADAMS,03,PA,4,42001,0500000US42001,Pennsylvania,42,1,1213656,59227,0.176574873,0.170057575,0.653367552,0.621,0.33,0.636,0.344
ADAMS,05,IL,1,17001,0500000US17001,Illinois,17,1,424202,47004,0.668751596,0.087822313,0.243426091,0.792,0.174,0.792,0.17
ADAMS,07,NE,3,31001,0500000US31001,Nebraska,31,1,835823,20246,0.825348217,0.016398301,0.158253482,0.033,0.19,0.033,0.224
ADAMS,08,CO,2,8001,0500000US08001,Colorado,8,1,198116,172122,0.858664203,0.029403563,0.111932234,0.27,0.581,0.254,0.597
ALACHUA,04,FL,1,12001,0500000US12001,Florida,12,1,308548,95366,0.08252417,0.218704779,0.69877105,0.318,0.797,0.394,0.812
ALAMEDA,09,CA,2,6001,0500000US06001,California,6,1,1675839,459757,0.628930065,0.316782561,0.054287374,0.649,0.969,0.561,0.966
ALBEMARLE,03,VA,1,51003,0500000US51003,Virginia,51,3,1675170,45447,0.005742953,0.206306247,0.7879508,0.614,0.421,0.621,0.426
ALLEGAN,05,MI,1,26005,0500000US26005,Michigan,26,5,1622945,75432,0.164598579,0.219243822,0.616157599,0.28,0.078,0.28,0.074
ALLEGANY,02,NY,1,36003,0500000US36003,New York,36,3,974100,38942,0.004673617,0.151019465,0.844306918,0.492,0.107,0.475,0.105
ALLEGANY,03,MD,1,24001,0500000US24001,Maryland,24,1,1713506,36513,1.0955e-4,0.477911977,0.521978473,0.696,0.407,0.696,0.418
ALLEGHANY,03,VA,1,51005,0500000US51005,Virginia,51,5,1673675,11640,0,0.309965636,0.690034364,0.902,0.65,0.917,0.672
ALLEGHENY,03,PA,3,42003,0500000US42003,Pennsylvania,42,3,1213657,512654,0.537114701,0.247215471,0.215669828,0.167,0.201,0.152,0.195
ALLEN,05,IN,1,18003,0500000US18003,Indiana,18,3,450402,179264,0.78657176,0.01995939,0.19346885,0.297,0.022,0.297,0.021
ALLEN,07,KS,1,20001,0500000US20001,Kansas,20,1,484970,11682,0.487758945,0.008217771,0.504023284,0.423,0.483,0.375,0.487
ALLENDALE,04,SC,1,45005,0500000US45005,South Carolina,45,5,1247980,6300,0,0.355873016,0.644126984,0.4,0.601,0.489,0.602
ANNE ARUNDEL,03,MD,2,24003,0500000US24003,Maryland,24,3,1710958,186998,0.362420988,0.213392657,0.424186355,0.391,0.243,0.391,0.241
ANOKA,05,MN,4,27003,0500000US27003,Minnesota,27,3,659447,142862,0.538260699,0.069577634,0.392161667,0.779,0.444,0.802,0.514
ANTRIM,05,MI,1,26009,0500000US26009,Michigan,26,9,1622947,25997,0.054121629,0.158018233,0.787860138,0.622,0.204,0.61,0.206
ARAPAHOE,08,CO,1,8005,0500000US08005,Colorado,8,5,198118,192251,0.730539763,0.136555857,0.13290438,0.556,0.726,0.429,0.729
ARECIBO,02,PR,2,NA,NA,NA,NA,NA,NA,NA,NA,NA,NA,NA,NA,NA,NA
AROOSTOOK,01,ME,1,23003,0500000US23003,Maine,23,3,581287,56852,0.030605783,0.296154929,0.673239288,0.733,0.076,0.733,0.075
ASHE,04,NC,1,37009,0500000US37009,North Carolina,37,9,1008535,27935,0,0.027420798,0.972579202,0.586,0.537,0.545,0.499
ASHLAND,05,WI,1,55003,0500000US55003,Wisconsin,55,3,1581061,15293,0.009023736,0.357614595,0.633361669,0.141,0.104,0.113,0.099
ASHTABULA,05,OH,4,39007,0500000US39007,Ohio,39,7,1074017,69783,0.163807804,0.242164997,0.594027199,0.678,0.23,0.69,0.223
ATLANTIC,02,NJ,6,34001,0500000US34001,New Jersey,34,1,882270,106293,0.354830516,0.29015081,0.355018675,0.9,0.806,0.9,0.831
BALTIMORE,03,MD,1,24005,0500000US24005,Maryland,24,5,1695314,238714,0.449713884,0.146342485,0.403943631,0.087,0.094,0.087,0.102
BALTIMORE CITY,03,MD,1,24510,0500000US24510,Maryland,24,510,1702381,226220,0.949319247,0,0.050680753,0.043,0.089,0.043,0.084
BARCELONETA,02,PR,1,NA,NA,NA,NA,NA,NA,NA,NA,NA,NA,NA,NA,NA,NA
BARNSTABLE,01,MA,1,25001,0500000US25001,Massachusetts,25,1,606927,172875,0.51676645,0.189321764,0.293911786,0.077,0.115,0.538,0.168
BARNWELL,04,SC,1,45011,0500000US45011,South Carolina,45,11,1247983,15459,0,0.245746814,0.754253186,0.444,0.607,0.556,0.611
BARTHOLOMEW,05,IN,1,18005,0500000US18005,Indiana,18,5,451683,44305,0.5463266,0.053402551,0.40027085,0.681,0.109,0.67,0.099
BARTON,07,KS,1,20009,0500000US20009,Kansas,20,9,484974,21729,0.508583,0.215380367,0.276036633,0.413,0.476,0.5,0.572
BAY,04,FL,1,12005,0500000US12005,Florida,12,5,295738,97625,0.419554417,0.295764405,0.284681178,0.303,0.797,0.364,0.803
BEAUFORT,04,NC,1,37013,0500000US37013,North Carolina,37,13,1026333,36115,0.09527897,0.180312889,0.724408141,0.535,0.501,0.586,0.557
BEAUFORT,04,SC,3,45013,0500000US45013,South Carolina,45,13,1247984,79066,0.043685023,0.239976728,0.716338249,0.889,0.77,0.956,0.83
BELL,06,TX,1,48027,0500000US48027,Texas,48,27,1383799,144765,0.383559562,0.253935689,0.362504749,0.285,0.699,0.356,0.723
BENNINGTON,01,VT,3,50003,0500000US50003,Vermont,50,3,1461758,26096,0.002490803,0.223405886,0.774103311,0.923,0.12,1,0.117
BENTON,10,OR,1,41003,0500000US41003,Oregon,41,3,1155126,40016,0.172655938,0.451644342,0.37569972,0.143,0.279,0.143,0.301
BENTON,10,WA,3,53005,0500000US53005,Washington,53,5,1513302,88783,0.454231103,0.303064776,0.242704121,0.816,0.951,0.816,0.935
BERGEN,02,NJ,8,34003,0500000US34003,New Jersey,34,3,882271,266924,0.696898743,0.039614272,0.263486985,0.2,0.209,0.25,0.219
BERKS,03,PA,8,42011,0500000US42011,Pennsylvania,42,11,1209172,160941,0.152683281,0.329052261,0.518264457,0.197,0.215,0.273,0.233
BERKSHIRE,01,MA,1,25003,0500000US25003,Massachusetts,25,3,606928,79300,0.067919294,0.294640605,0.637440101,0.538,0.138,0.154,0.138
BERNALILLO,06,NM,3,35001,0500000US35001,New Mexico,35,1,1702363,268218,0.628205415,0.227061569,0.144733016,0.25,0.772,0.312,0.823
BERRIEN,05,MI,3,26021,0500000US26021,Michigan,26,21,1622953,93806,0.324019786,0.205146792,0.470833422,0.22,0.072,0.244,0.071
BEXAR,06,TX,1,48029,0500000US48029,Texas,48,29,1383800,703338,0.643272509,0.177300245,0.179427246,0.111,0.629,0.162,0.64
BIBB,04,GA,1,13021,0500000US13021,Georgia,13,21,1672039,70069,0.179708573,0.246128816,0.574162611,0.348,0.542,0.253,0.513
BLAIR,03,PA,1,42013,0500000US42013,Pennsylvania,42,13,1213659,62655,0.144393903,0.486984279,0.368621818,0.712,0.364,0.758,0.378
BLUE EARTH,05,MN,1,27013,0500000US27013,Minnesota,27,13,659452,36298,0.611741694,0.070196705,0.318061601,0.198,0.111,0.209,0.132
BOONE,05,IL,2,17007,0500000US17007,Illinois,17,7,424205,27055,0.741082979,0.002587322,0.256329699,0.287,0.042,0.297,0.043
BOONE,05,IN,2,18011,0500000US18011,Indiana,18,11,450405,37003,0.650487798,0,0.349512202,0.198,0.016,0.198,0.016
BOONE,06,AR,1,5009,0500000US05009,Arkansas,5,9,69897,27605,0.027132766,0.187719616,0.785147618,0.824,0.749,0.838,0.713
BOULDER,08,CO,2,8013,0500000US08013,Colorado,8,13,198122,119558,0.474639924,0.258393416,0.266966661,0.952,0.957,0.952,0.972
BOWIE,06,TX,3,48037,0500000US48037,Texas,48,37,1383804,54226,0.219304393,0.266366688,0.51432892,0.312,0.707,0.249,0.668
BRADFORD,03,PA,1,42015,0500000US42015,Pennsylvania,42,15,1213660,49030,0.025841322,0.167468897,0.806689782,0.485,0.275,0.455,0.273
BRANCH,05,MI,1,26023,0500000US26023,Michigan,26,23,1622954,33875,0.565608856,0.042538745,0.391852399,0.061,0.034,0.061,0.031
BRAZORIA,06,TX,1,48039,0500000US48039,Texas,48,39,1383805,166858,0.41528725,0.171253401,0.413459349,0.664,0.861,0.577,0.825
BREVARD,04,FL,1,12009,0500000US12009,Florida,12,9,295749,258467,0.548592277,0.21010806,0.241299663,0.97,0.982,0.955,0.976
BRISTOL,01,MA,5,25005,0500000US25005,Massachusetts,25,5,606929,209224,0.352937522,0.295429779,0.3516327,0,0.103,0,0.113
BROOME,02,NY,5,36007,0500000US36007,New York,36,7,974102,90982,0.103196237,0.39695764,0.499846123,0.475,0.107,0.459,0.103
BROWARD,04,FL,5,12011,0500000US12011,Florida,12,11,295753,463982,0.878126738,0.063657642,0.05821562,1,0.998,1,1
BROWN,05,WI,1,55009,0500000US55009,Wisconsin,55,9,1581064,118388,0.721019022,0.027823766,0.251157212,0.028,0.07,0.028,0.067
BRUNSWICK,04,NC,2,37019,0500000US37019,North Carolina,37,19,1026340,93564,0.06999487,0.343273054,0.586732076,0.909,0.774,0.929,0.793
BUCKINGHAM,03,VA,1,51029,0500000US51029,Virginia,51,29,1501502,13170,0,0.021336371,0.978663629,0.485,0.346,0.439,0.329
BUCKS,03,PA,8,42017,0500000US42017,Pennsylvania,42,17,1209173,230842,0.411103699,0.08754906,0.501347242,0.091,0.165,0.106,0.172
BULLITT,04,KY,2,21029,0500000US21029,Kentucky,21,29,516861,46494,0.044822988,0.311459543,0.643717469,0.244,0.179,0.244,0.169
BUNCOMBE,04,NC,3,37021,0500000US37021,North Carolina,37,21,1008538,126461,0.029012897,0.214366485,0.756620618,0.778,0.694,0.727,0.663
BUREAU,05,IL,1,17011,0500000US17011,Illinois,17,11,424207,31891,0.674516321,0.072277445,0.253206234,0.327,0.047,0.327,0.047
BURLINGTON,02,NJ,11,34005,0500000US34005,New Jersey,34,5,882272,162685,0.475907428,0.150751452,0.373341119,0.95,0.879,0.95,0.902
BURNETT,05,WI,1,55013,0500000US55013,Wisconsin,55,13,1581066,26016,0.017758303,0.085370541,0.896871156,1,0.499,1,0.539
BUTLER,05,OH,2,39017,0500000US39017,Ohio,39,17,1074021,162808,0.528401553,0.122039458,0.34955899,0.46,0.136,0.46,0.123
BUTLER,07,KS,1,20015,0500000US20015,Kansas,20,15,484977,43246,0.374254266,0.128034963,0.497710771,0.856,0.841,0.875,0.884
BUTLER,07,NE,1,31023,0500000US31023,Nebraska,31,23,835833,12022,0.518299784,0.051488937,0.430211279,0.283,0.408,0.359,0.504
BUTTE,09,CA,1,6007,0500000US06007,California,6,7,1675842,102060,0.206476582,0.342641583,0.450881834,0.333,0.926,0.404,0.946
CABARRUS,04,NC,1,37025,0500000US37025,North Carolina,37,25,1008540,96432,0.212564294,0.264217272,0.523218434,0.384,0.382,0.333,0.35
CABO ROJO,02,PR,1,NA,NA,NA,NA,NA,NA,NA,NA,NA,NA,NA,NA,NA,NA
CADDO,06,OK,1,40015,0500000US40015,Oklahoma,40,15,1101795,25614,0.006597954,0.393378621,0.600023425,0.447,0.877,0.447,0.871
CALEDONIA,01,VT,1,50005,0500000US50005,Vermont,50,5,1461759,22528,0.004971591,0.168767756,0.826260653,0.231,0.08,0.231,0.076
CALHOUN,04,AL,1,1015,0500000US01015,Alabama,1,15,161533,66791,0.035648516,0.258867213,0.705484272,0.879,0.826,0.879,0.781
CALHOUN,05,MI,2,26025,0500000US26025,Michigan,26,25,1622955,78311,0.319891203,0.223250884,0.456857913,0.232,0.072,0.232,0.069
CALHOUN,06,TX,1,48057,0500000US48057,Texas,48,57,1383814,18077,0.277590308,0.374675001,0.34773469,0.573,0.831,0.542,0.814
CALUMET,05,WI,1,55015,0500000US55015,Wisconsin,55,15,1581067,30488,0.608928103,0.128771976,0.262299921,0.197,0.118,0.183,0.112
CAMDEN,02,NJ,9,34007,0500000US34007,New Jersey,34,7,882273,157647,0.641046135,0.127335122,0.231618743,0.8,0.675,0.75,0.701
CAPE GIRARDEAU,07,MO,1,29031,0500000US29031,Missouri,29,31,758470,44183,0.34207727,0.176810085,0.481112645,0.061,0.301,0.061,0.28
CAPE MAY,02,NJ,1,34009,0500000US34009,New Jersey,34,9,882274,81029,0.469350479,0.294524183,0.236125338,0.85,0.728,0.85,0.781
CAPITOL PLANNING REGION,01,CT,1,9110,0500000US09110,Connecticut,9,110,2830244,359815,0.412086767,0.172171811,0.415741423,0.25,0.206,0.125,0.219
CARBON,03,PA,2,42025,0500000US42025,Pennsylvania,42,25,1213664,39215,9.69017e-4,0.33655489,0.662476093,1,0.504,1,0.516
CARIBOU,10,ID,2,16029,0500000US16029,Idaho,16,29,395406,7518,0.020883214,0.450385741,0.528731045,0.558,0.933,0.558,0.942
CARROLL,01,NH,1,33003,0500000US33003,New Hampshire,33,3,873175,44181,0.039179738,0.107240669,0.853579593,0.444,0.102,0.444,0.102
CARROLL,04,TN,1,47017,0500000US47017,Tennessee,47,17,1639729,22126,0.005785049,0.139067161,0.85514779,0.34,0.346,0.34,0.327
CARSON,06,TX,1,48065,0500000US48065,Texas,48,65,1383818,6339,0.300362833,0.229373718,0.470263448,0.964,0.986,0.968,0.98
CASCADE,08,MT,1,30013,0500000US30013,Montana,30,13,1719622,51574,0.535560554,0.147205956,0.31723349,0.236,0.637,0.273,0.704
CASS,05,MI,1,26027,0500000US26027,Michigan,26,27,1622956,41230,0.200097017,0.242299297,0.557603687,0.085,0.049,0.098,0.048
CASS,05,MN,1,27021,0500000US27021,Minnesota,27,21,659456,42825,0.025522475,0.066853473,0.907624051,0.628,0.38,0.628,0.398
CASS,07,IA,1,19029,0500000US19029,Iowa,19,29,465204,14231,0.618368351,0.039069637,0.342562013,0.633,0.374,0.622,0.366
CATTARAUGUS,02,NY,2,36009,0500000US36009,New York,36,9,974103,58884,0.002037905,0.232847633,0.765114462,0.541,0.116,0.525,0.112
CAYUGA,02,NY,1,36011,0500000US36011,New York,36,11,974104,47673,0.314454723,0.104734336,0.580810941,0.098,0.039,0.115,0.042
CECIL,03,MD,4,24015,0500000US24015,Maryland,24,15,596115,52432,0.041348795,0.239948886,0.718702319,0.304,0.215,0.304,0.216
CENTRE,03,PA,1,42027,0500000US42027,Pennsylvania,42,27,1214720,75356,0.105698285,0.336788046,0.557513668,0.97,0.431,0.97,0.451
CERRO GORDO,07,IA,1,19033,0500000US19033,Iowa,19,33,465206,31822,0.824272516,0.001916913,0.173810571,0.112,0.066,0.102,0.073
CHARLES,03,MD,1,24017,0500000US24017,Maryland,24,17,1676992,62778,0.089617382,0.265379592,0.645003027,0.522,0.3,0.522,0.308
CHARLESTON,04,SC,2,45019,0500000US45019,South Carolina,45,19,1252740,169876,0.353687396,0.27670183,0.369610775,0.978,0.843,1,0.876
CHAVES,06,NM,1,35005,0500000US35005,New Mexico,35,5,1702364,37615,0.399494882,0.211910142,0.388594975,0.562,0.858,0.344,0.837
CHEMUNG,02,NY,2,36015,0500000US36015,New York,36,15,974106,44290,0.038383382,0.486746444,0.474870174,0.77,0.197,0.77,0.199
CHEROKEE,04,SC,1,45021,0500000US45021,South Carolina,45,21,1247987,35645,0.018347594,0.176855099,0.804797307,0.044,0.519,0.044,0.477
CHEROKEE,07,KS,1,20021,0500000US20021,Kansas,20,21,484980,17558,0.191422713,0.263355735,0.545221551,0.269,0.419,0.202,0.404
CHESAPEAKE CITY,03,VA,1,51550,0500000US51550,Virginia,51,550,1498558,92330,0.457045381,0.194920394,0.348034225,0.705,0.508,0.788,0.581
CHESHIRE,01,NH,1,33005,0500000US33005,New Hampshire,33,5,873176,39411,0.004415011,0.253254168,0.742330821,0.556,0.111,0.556,0.11
CHESTER,03,PA,8,42029,0500000US42029,Pennsylvania,42,29,1209174,191267,0.146998698,0.137368182,0.71563312,0.045,0.098,0.045,0.105
CHESTER,04,SC,1,45023,0500000US45023,South Carolina,45,23,1247988,22979,0.020061796,0.153923147,0.826015057,0.2,0.558,0.178,0.52
CHESTERFIELD,03,VA,1,51041,0500000US51041,Virginia,51,41,1480111,145827,0.134714422,0.222695386,0.642590192,0.121,0.243,0.106,0.236
CHESTERFIELD,04,SC,1,45025,0500000US45025,South Carolina,45,25,1247989,33179,4.82233e-4,0.138039121,0.861478646,0.644,0.651,0.622,0.643
CHIPPEWA,05,MI,1,26033,0500000US26033,Michigan,26,33,1622959,30711,0.163198854,0.104880987,0.731920159,0.976,0.588,0.976,0.581
CHIPPEWA,05,WI,1,55017,0500000US55017,Wisconsin,55,17,1581068,46446,0.309004005,0.143801404,0.547194592,0.155,0.105,0.155,0.105
CHITTENDEN,01,VT,2,50007,0500000US50007,Vermont,50,7,1461760,62667,0.196562784,0.285062313,0.518374902,0.538,0.097,0.538,0.094
CHRISTIAN,05,IL,1,17021,0500000US17021,Illinois,17,21,424212,26345,0.691554375,0.101878914,0.206566711,0.347,0.051,0.356,0.051
CIBOLA,06,NM,2,35006,0500000US35006,New Mexico,35,6,933051,16717,0,0.320272776,0.679727224,0.156,0.669,0.188,0.758
CIDRA,02,PR,1,NA,NA,NA,NA,NA,NA,NA,NA,NA,NA,NA,NA,NA,NA
CLACKAMAS,10,OR,1,41005,0500000US41005,Oregon,41,5,1155127,195162,0.320574702,0.263242844,0.416182454,0.371,0.79,0.371,0.8
CLARE,05,MI,1,26035,0500000US26035,Michigan,26,35,1622960,30698,0.024789889,0.197569874,0.777640237,0.598,0.199,0.622,0.207
CLARK,05,IL,1,17023,0500000US17023,Illinois,17,23,424213,16201,0.503178816,0.054996605,0.441824579,0.376,0.056,0.376,0.055
CLARK,05,OH,1,39023,0500000US39023,Ohio,39,23,1074024,77773,0.65909763,7.32902e-4,0.340169468,0.31,0.04,0.31,0.035
CLARK,10,WA,1,53011,0500000US53011,Washington,53,11,1531820,197604,0.561076699,0.167036092,0.271887209,0.368,0.409,0.316,0.394
CLAY,07,MO,2,29047,0500000US29047,Missouri,29,47,758478,98096,0.628313081,0.080309085,0.291377834,0.5,0.503,0.5,0.479
CLEAR CREEK,08,CO,1,8019,0500000US08019,Colorado,8,19,198125,6236,3.20718e-4,0.281911482,0.7177678,0.889,0.915,0.921,0.952
CLERMONT,05,OH,1,39025,0500000US39025,Ohio,39,25,1074025,95602,0.024047614,0.216146106,0.75980628,0.471,0.139,0.471,0.126
CLEVELAND,04,NC,1,37045,0500000US37045,North Carolina,37,45,1008547,65608,0.028060602,0.175054871,0.796884526,0.525,0.496,0.505,0.453
CLINTON,02,NY,1,36019,0500000US36019,New York,36,19,974108,48286,0.214409974,0.167025639,0.618564387,0.361,0.087,0.377,0.084
CLINTON,03,PA,1,42035,0500000US42035,Pennsylvania,42,35,1214721,24875,0.010492462,0.363175879,0.626331658,0.879,0.405,0.894,0.416
CLINTON,07,IA,1,19045,0500000US19045,Iowa,19,45,465211,36630,0.636800437,0.139284739,0.223914824,0.52,0.292,0.5,0.286
COCHISE,09,AZ,1,4003,0500000US04003,Arizona,4,3,25442,77574,0.023680615,0.399695774,0.576623611,0.857,0.965,0.714,0.957
COLUMBIA,03,PA,1,42037,0500000US42037,Pennsylvania,42,37,1213665,41411,0.041269228,0.358069112,0.60066166,0.803,0.375,0.727,0.376
COLUMBIANA,05,OH,1,39029,0500000US39029,Ohio,39,29,1074027,71518,0.079252776,0.277091082,0.643656143,0.69,0.232,0.701,0.23
CONTRA COSTA,09,CA,2,6013,0500000US06013,California,6,13,1675903,387160,0.405297551,0.455573923,0.139128526,0.351,0.927,0.298,0.92
COOK,05,IL,1,17031,0500000US17031,Illinois,17,31,1784766,1638633,0.978968445,0.010886513,0.010145042,0.95,0.294,0.95,0.275
COOS,01,NH,1,33007,0500000US33007,New Hampshire,33,7,873177,26533,0.003957336,0.31767987,0.678362794,0,0.059,0,0.06
CORTLAND,02,NY,1,36023,0500000US36023,New York,36,23,974110,26042,0.138391829,0.241609707,0.619998464,0.328,0.082,0.328,0.079
COWLEY,07,KS,1,20035,0500000US20035,Kansas,20,35,484987,26762,0.27131754,0.256856737,0.471825723,0.913,0.873,0.913,0.914
CRAVEN,04,NC,1,37049,0500000US37049,North Carolina,37,49,1026123,55123,0.089146091,0.280499973,0.630353936,0.636,0.578,0.707,0.644
CRAWFORD,03,PA,1,42039,0500000US42039,Pennsylvania,42,39,1213666,65094,0.001997112,0.250622177,0.747380711,0.333,0.24,0.258,0.232
CREEK,06,OK,1,40037,0500000US40037,Oklahoma,40,37,1101806,51339,0.028535811,0.2594324,0.712031789,0.776,0.949,0.737,0.924
CROCKETT,04,TN,1,47033,0500000US47033,Tennessee,47,33,1648574,10630,0.315428034,0.096142992,0.588428975,0.043,0.176,0.043,0.172
CROW WING,05,MN,1,27035,0500000US27035,Minnesota,27,35,659463,57163,0.056802477,0.149782202,0.793415321,0.733,0.423,0.674,0.429
CUMBERLAND,01,ME,2,23005,0500000US23005,Maine,23,5,581288,143636,0.210420786,0.177803615,0.611775599,0.8,0.091,0.8,0.088
CUMBERLAND,02,NJ,4,34011,0500000US34011,New Jersey,34,11,882275,65606,0.224461177,0.262262598,0.513276225,0.75,0.675,0.8,0.725
CUMBERLAND,03,PA,1,42041,0500000US42041,Pennsylvania,42,41,1209176,108400,0.51646679,0.097214022,0.386319188,0.758,0.368,0.803,0.386
CUMBERLAND,04,NC,2,37051,0500000US37051,North Carolina,37,51,1026124,143932,0.287288442,0.287093905,0.425617653,0.828,0.723,0.828,0.737
DALLAS,06,TX,2,48113,0500000US48113,Texas,48,113,1383842,764962,0.791598798,0.064577064,0.143824138,0.008,0.504,0.008,0.493
DANE,05,WI,5,55025,0500000US55025,Wisconsin,55,25,1581072,199015,0.646232696,0.086013617,0.267753687,0.662,0.207,0.69,0.203
DAVIESS,04,KY,1,21059,0500000US21059,Kentucky,21,59,516876,56284,0.513751688,0.060248028,0.426000284,0.084,0.149,0.109,0.142
DAVIS,08,UT,2,49011,0500000US49011,Utah,49,11,1448020,113721,0.528073091,0.341344167,0.130582742,0.536,0.857,0.643,0.908
DEER LODGE,08,MT,1,30023,0500000US30023,Montana,30,23,1719617,7792,0.005646817,0.520918891,0.473434292,0.509,0.798,0.527,0.832
DELAWARE,02,NY,3,36025,0500000US36025,New York,36,25,974111,43112,0.001646873,0.129615884,0.868737243,0.525,0.114,0.508,0.112
DELAWARE,03,PA,2,42045,0500000US42045,Pennsylvania,42,45,1209177,158286,0.642874291,0.066171361,0.290954348,0.106,0.171,0.121,0.18
DENVER,08,CO,3,8031,0500000US08031,Colorado,8,31,198131,223962,0.947075843,0.031398184,0.021525973,0.222,0.52,0.127,0.513
DES MOINES,07,IA,1,19057,0500000US19057,Iowa,19,57,465217,27842,0.520257165,0.253034983,0.226707851,0.724,0.42,0.714,0.398
DISTRICT OF COLUMBIA,03,DC,1,NA,NA,NA,NA,NA,NA,NA,NA,NA,NA,NA,NA,NA,0.06
DODGE,05,WI,2,55027,0500000US55027,Wisconsin,55,27,1581073,57335,0.622795849,0.075189675,0.302014476,0.845,0.263,0.831,0.252
DONA ANA,06,NM,1,35013,0500000US35013,New Mexico,35,13,929109,96510,0.279535799,0.349207336,0.371256865,0,0.403,0,0.395
DORADO,02,PR,1,NA,NA,NA,NA,NA,NA,NA,NA,NA,NA,NA,NA,NA,NA
DOUGHERTY,04,GA,3,13095,0500000US13095,Georgia,13,95,351259,39240,0.353312946,0.202115189,0.444571865,0.462,0.561,0.513,0.561
DOUGLAS,07,NE,1,31055,0500000US31055,Nebraska,31,55,835849,212337,0.901698715,0.018517734,0.079783552,0.543,0.528,0.522,0.586
DOUGLAS,10,OR,1,41019,0500000US41019,Oregon,41,19,1135849,73910,0.002719524,0.407752672,0.589527804,0.6,0.927,0.714,0.955
DUBUQUE,07,IA,1,19061,0500000US19061,Iowa,19,61,465219,53163,0.480352877,0.211425239,0.308221884,0.347,0.19,0.316,0.184
DUNKLIN,07,MO,1,29069,0500000US29069,Missouri,29,69,758489,20514,0.631324949,0.067709857,0.300965195,0.026,0.084,0.026,0.083
DUPAGE,05,IL,2,17043,0500000US17043,Illinois,17,43,422191,300735,0.940555639,0.014507789,0.044936572,0.842,0.216,0.881,0.217
DUTCHESS,02,NY,3,36027,0500000US36027,New York,36,27,974112,117894,0.186065449,0.21063837,0.603296181,0.836,0.244,0.852,0.253
DUVAL,04,FL,4,12031,0500000US12031,Florida,12,31,293656,359482,0.49845332999999997,0.183967487,0.317579183,0.227,0.761,0.333,0.798
EAGLE,08,CO,1,8037,0500000US08037,Colorado,8,37,198134,20681,1.93414e-4,0.577534935,0.42227165,0.429,0.673,0.524,0.76
EATON,05,MI,1,26045,0500000US26045,Michigan,26,45,1622965,61864,0.366820768,0.137575973,0.495603259,0.195,0.068,0.195,0.064
ECTOR,06,TX,3,48135,0500000US48135,Texas,48,135,1383853,84520,0.515073355,0.115073355,0.369853289,0.538,0.813,0.344,0.72
ELKHART,05,IN,5,18039,0500000US18039,Indiana,18,39,450348,100005,0.663546823,0.04080796,0.295645218,0.319,0.026,0.308,0.022
ELMORE,10,ID,1,16039,0500000US16039,Idaho,16,39,400252,16430,0.007364577,0.558064516,0.434570907,1,0.997,0.977,0.992
EMMET,05,MI,1,26047,0500000US26047,Michigan,26,47,1622966,28114,0.051362311,0.231343814,0.717293875,0.366,0.109,0.39,0.109
ERIE,03,PA,2,42049,0500000US42049,Pennsylvania,42,49,1209178,136232,0.503273827,0.12780404,0.368922133,0.303,0.237,0.242,0.231
ESCAMBIA,04,FL,4,12033,0500000US12033,Florida,12,33,295737,157852,0.424302511,0.176266376,0.399431113,0.439,0.821,0.348,0.799
ESSEX,01,MA,2,25009,0500000US25009,Massachusetts,25,9,606931,246432,0.47604613,0.307042105,0.216911765,0.846,0.18,0.923,0.208
ESSEX,02,NJ,6,34013,0500000US34013,New Jersey,34,13,882276,179146,0.821302178,0.008719145,0.169978677,0.05,0.174,0.05,0.169
FAIRBANKS NORTH STAR BOROUGH,10,AK,1,2090,0500000US02090,Alaska,2,90,1419969,38877,0.116109782,0.168763022,0.715127196,1,0.982,1,0.982
FAYETTE,03,WV,1,54019,0500000US54019,West Virginia,54,19,1560095,29120,0.001510989,0.332760989,0.665728022,0.815,0.795,0.833,0.775
FAYETTE,04,TN,1,47047,0500000US47047,Tennessee,47,47,1639742,26310,0.004066895,0.185632839,0.810300266,0.596,0.601,0.596,0.564
FLEMING,04,KY,1,21069,0500000US21069,Kentucky,21,69,516881,16939,5.9035e-5,0.105673298,0.894267666,0.63,0.349,0.63,0.319
FLOYD,07,IA,1,19067,0500000US19067,Iowa,19,67,465222,17125,0.678014599,0.019854015,0.302131387,0.224,0.124,0.214,0.129
FOND DU LAC,05,WI,1,55039,0500000US55039,Wisconsin,55,39,1581079,64166,0.65436524,0.057647352,0.287987408,0.789,0.237,0.789,0.229
FORD,07,KS,1,20057,0500000US20057,Kansas,20,57,484997,18155,0.421646929,0.232608097,0.345744974,0.615,0.606,0.596,0.666
FRANKLIN,02,NY,1,36033,0500000US36033,New York,36,33,974115,34824,0.02305881,0.185906272,0.791034918,0.262,0.071,0.246,0.071
FRANKLIN,03,PA,2,42055,0500000US42055,Pennsylvania,42,55,1213670,83847,0.360811955,0.13274178,0.506446265,0.727,0.366,0.773,0.384
FRANKLIN,07,MO,2,29071,0500000US29071,Missouri,29,71,758490,68645,0.064039624,0.22131255,0.714647826,0.351,0.469,0.325,0.441
FREMONT,08,CO,1,8043,0500000US08043,Colorado,8,43,198137,31222,0.077637563,0.384184229,0.538178208,0.873,0.908,0.905,0.944
FRESNO,09,CA,4,6019,0500000US06019,California,6,19,277274,372103,0.680072453,0.1109424,0.208985147,0.281,0.9,0.263,0.911
FULTON,02,NY,1,36035,0500000US36035,New York,36,35,974116,34529,0.030264415,0.298039329,0.671696255,0.377,0.088,0.361,0.081
FULTON,04,GA,1,13121,0500000US13121,Georgia,13,121,1694833,297725,0.373095978,0.156130657,0.470773365,0.12,0.497,0.057,0.456
GADSDEN,04,FL,1,12039,0500000US12039,Florida,12,39,306918,25764,0.001630182,0.160262382,0.838107437,0.091,0.69,0.106,0.692
GALLATIN,08,MT,1,30031,0500000US30031,Montana,30,31,1720053,60579,0.339391538,0.155714026,0.504894435,0.564,0.815,0.582,0.842
GALVESTON,06,TX,3,48167,0500000US48167,Texas,48,167,1383869,160260,0.592530887,0.206339698,0.201129415,0.688,0.871,0.727,0.886
GASTON,04,NC,4,37071,0500000US37071,North Carolina,37,71,1008554,106591,0.109408862,0.268362244,0.622228894,0.485,0.447,0.475,0.406
GEARY,07,KS,1,20061,0500000US20061,Kansas,20,61,484999,15955,0.559511125,0.137449076,0.303039799,0.827,0.835,0.827,0.862
GENESEE,02,NY,2,36037,0500000US36037,New York,36,37,974117,34795,0.221497342,0.150797528,0.62770512999999994,0.033,0.029,0.049,0.031
GENESEE,05,MI,1,26049,0500000US26049,Michigan,26,49,1622967,222097,0.588922858,0.043453986,0.367623156,0.244,0.074,0.22,0.067
GLOUCESTER,02,NJ,7,34015,0500000US34015,New Jersey,34,15,882277,115298,0.488230498,0.101935853,0.409833648,0.65,0.517,0.65,0.528
GLYNN,04,GA,3,13127,0500000US13127,Georgia,13,127,1671513,41116,0.15828388,0.253137465,0.588578656,0.975,0.801,0.994,0.847
GRANT,05,IN,1,18053,0500000US18053,Indiana,18,53,450355,42302,0.70228358,0,0.29771642,0.11,0.009,0.11,0.009
GRANT,10,WA,1,53025,0500000US53025,Washington,53,25,1531924,57273,0.337820614,0.308452499,0.353726887,0.711,0.909,0.684,0.9
GRANVILLE,04,NC,2,37077,0500000US37077,North Carolina,37,77,1008556,36706,0.019124939,0.105977224,0.874897837,0.091,0.286,0.091,0.274
GRATIOT,05,MI,3,26057,0500000US26057,Michigan,26,57,1622971,28586,0.592632757,0.017316169,0.390051074,0.037,0.031,0.049,0.03
GREATER BRIDGEPORT PLANNING REGION,01,CT,1,9120,0500000US09120,Connecticut,9,120,2830245,105518,0.655594306,0.083502341,0.260903353,0.375,0.226,0.375,0.237
GREENE,02,NY,1,36039,0500000US36039,New York,36,39,974118,35925,0.033848295,0.097759221,0.868392484,0.738,0.182,0.738,0.186
GREENE,05,OH,1,39057,0500000US39057,Ohio,39,57,1074041,79133,0.522007254,0.1074141,0.370578646,0.379,0.065,0.379,0.056
GREENE,07,MO,2,29077,0500000US29077,Missouri,29,77,758493,137562,0.607987671,0.089450575,0.302561754,0.675,0.598,0.684,0.577
GREENVILLE,04,SC,3,45045,0500000US45045,South Carolina,45,45,1245489,229289,0.291309221,0.179672815,0.529017964,0.089,0.523,0.089,0.484
GREGG,06,TX,1,48183,0500000US48183,Texas,48,183,1383877,60577,0.361820493,0.384419829,0.253759678,0.047,0.574,0.047,0.567
GUAM,09,GU,1,NA,NA,NA,NA,NA,NA,NA,NA,NA,NA,NA,NA,NA,NA
GUERNSEY,05,OH,1,39059,0500000US39059,Ohio,39,59,1074042,35337,0.012253445,0.249936327,0.737810227,0.908,0.298,0.897,0.285
GUNNISON,08,CO,1,8051,0500000US08051,Colorado,8,51,198141,15094,0,0.276069962,0.723930038,0.302,0.594,0.397,0.711
HALL,07,NE,3,31079,0500000US31079,Nebraska,31,79,835861,33290,0.842385101,0.017332532,0.140282367,0.098,0.309,0.13,0.359
HAMILTON,04,TN,1,47065,0500000US47065,Tennessee,47,65,1639749,155711,0.2932805,0.171221044,0.535498455,0.734,0.731,0.734,0.678
HAMILTON,05,OH,1,39061,0500000US39061,Ohio,39,61,1074043,318428,0.561677993,0.103473941,0.334848066,0.437,0.108,0.437,0.094
HAMPDEN,01,MA,1,25013,0500000US25013,Massachusetts,25,13,606933,175474,0.449736143,0.226876916,0.323386941,0.769,0.16,0.615,0.173
HANCOCK,01,ME,1,23009,0500000US23009,Maine,23,9,581290,52185,0.025984478,0.143374533,0.830640989,0.867,0.117,0.867,0.119
HANOVER,03,VA,1,51085,0500000US51085,Virginia,51,85,1480132,64005,0.051230373,0.239621905,0.709147723,0.258,0.273,0.227,0.265
HARDEMAN,04,TN,1,47069,0500000US47069,Tennessee,47,69,1639750,17113,6.42786e-4,0.157716356,0.841640858,0.574,0.575,0.574,0.539
HARDIN,04,KY,1,21093,0500000US21093,Kentucky,21,93,516893,59524,0.089661313,0.189822593,0.720516094,0.294,0.187,0.286,0.175
HARFORD,03,MD,3,24025,0500000US24025,Maryland,24,25,1698178,103109,0.163157435,0.253013801,0.58382876399999994,0.217,0.114,0.217,0.124
HARLAN,04,KY,1,21095,0500000US21095,Kentucky,21,95,516894,19427,0,0.320842127,0.679157873,0.916,0.905,0.933,0.873
HARRIS,06,TX,11,48201,0500000US48201,Texas,48,201,1383886,1476161,0.807673418,0.135361929,0.056964654000000003,0.095,0.616,0.055,0.582
HARRISON,04,MS,1,28047,0500000US28047,Mississippi,28,47,695747,105636,0.414072854,0.135237987,0.450689159,0.988,0.925,0.975,0.897
HARRISON,06,TX,1,48203,0500000US48203,Texas,48,203,1383887,43087,0.037644765,0.314363961,0.647991273,0.071,0.599,0.063,0.589
HAYWOOD,04,NC,2,37087,0500000US37087,North Carolina,37,87,1008561,44098,0.003424192,0.190008617,0.806567191,0.808,0.709,0.758,0.682
HENDERSON,04,NC,1,37089,0500000US37089,North Carolina,37,89,1008562,62754,0.03029289,0.202632502,0.767074609,0.566,0.526,0.535,0.49
HENNEPIN,05,MN,4,27053,0500000US27053,Minnesota,27,53,659472,432782,0.80397752199999994,0.059681318,0.13634116,0.547,0.299,0.535,0.32
HENRICO,03,VA,1,51087,0500000US51087,Virginia,51,87,1480133,119946,0.384322945,0.221316259,0.394360796,0.129,0.246,0.121,0.24
HENRY,04,AL,1,1067,0500000US01067,Alabama,1,67,161559,15023,0.010450642,0.190907276,0.798642082,0.197,0.459,0.242,0.439
HICKMAN,04,TN,1,47081,0500000US47081,Tennessee,47,81,1639756,16875,0,0.036207407,0.963792593,0.426,0.398,0.426,0.367
HIDALGO,06,TX,1,48215,0500000US48215,Texas,48,215,1383893,314450,0.729104786,0.026194944,0.24470027,0.451,0.769,0.427,0.764
HILLSBOROUGH,01,NH,5,33011,0500000US33011,New Hampshire,33,11,873179,147676,0.306183808,0.234628511,0.459187681,1,0.161,1,0.181
HILLSBOROUGH,04,FL,12,12057,0500000US12057,Florida,12,57,295757,501605,0.501252978,0.222780873,0.275966149,0.652,0.906,0.667,0.887
HOCKLEY,06,TX,1,48219,0500000US48219,Texas,48,219,1383895,15879,0.547074753,0.128975376,0.323949871,0.656,0.859,0.644,0.854
HONOLULU,09,HI,3,15003,0500000US15003,Hawaii,15,3,365281,236799,0.229418199,0.688457299,0.082124502,1,0.98,1,0.987
HOUGHTON,05,MI,1,26061,0500000US26061,Michigan,26,61,1622973,24007,0.008497522,0.417169992,0.574332486,0.817,0.354,0.805,0.349
HOUSTON,04,GA,1,13153,0500000US13153,Georgia,13,153,1671693,65625,0.355900952,0.179352381,0.464746667,0.101,0.489,0.108,0.47
HOWARD,05,IN,1,18067,0500000US18067,Indiana,18,67,450360,49519,0.783335689,0,0.216664311,0.088,0.007,0.088,0.007
HUDSON,02,NJ,4,34017,0500000US34017,New Jersey,34,17,882278,94323,0.998059858,0,0.001940142,0,0.169,0,0.162
HUNTERDON,02,NJ,3,34019,0500000US34019,New Jersey,34,19,882228,63154,0.027836717,0.107435792,0.864727492,0.15,0.197,0.15,0.204
INDIAN RIVER,04,FL,1,12061,0500000US12061,Florida,12,61,307624,75255,0.538462561,0.127991496,0.333545944,0.803,0.941,0.788,0.926
INGHAM,05,MI,2,26065,0500000US26065,Michigan,26,65,1622975,123574,0.619021801,0.109108712,0.271869487,0.305,0.085,0.293,0.077
IONIA,05,MI,1,26067,0500000US26067,Michigan,26,67,1622976,40452,0.240062296,0.236032829,0.523904875,0.159,0.06,0.159,0.058
IREDELL,04,NC,2,37097,0500000US37097,North Carolina,37,97,1008565,98593,0.096629578,0.180246062,0.72312436,0.202,0.335,0.162,0.3
ISLAND,10,WA,1,53029,0500000US53029,Washington,53,29,1513272,49684,0.184365188,0.332139119,0.483495693,0,0.096,0,0.102
JACKSON,03,WV,1,54035,0500000US54035,West Virginia,54,35,1559963,21847,8.23912e-4,0.212431913,0.786744175,0.426,0.374,0.389,0.361
JACKSON,04,FL,2,12063,0500000US12063,Florida,12,63,295734,34494,0.001971357,0.108946483,0.889082159,0,0.553,0,0.526
JACKSON,05,IN,1,18071,0500000US18071,Indiana,18,71,451678,31517,0.389281975,0.125456103,0.485261922,0.637,0.096,0.626,0.089
JACKSON,07,MO,2,29095,0500000US29095,Missouri,29,95,758502,289659,0.767188315,0.040019471,0.192792214,0.105,0.342,0.105,0.328
JASPER,06,TX,2,48241,0500000US48241,Texas,48,241,1383906,28660,0.003558967,0.173691556,0.822749477,0.549,0.816,0.49,0.785
JASPER,07,IA,1,19099,0500000US19099,Iowa,19,99,465238,31026,0.601205441,0.005060272,0.393734287,0.561,0.347,0.561,0.333
JASPER,07,MO,1,29097,0500000US29097,Missouri,29,97,758503,71126,0.457751033,0.09124652,0.451002446,0.386,0.477,0.386,0.457
JEFFERSON,02,NY,1,36045,0500000US36045,New York,36,45,974121,72217,0.257612474,0.15619591,0.586191617,0.18,0.053,0.164,0.05
JEFFERSON,03,PA,1,42065,0500000US42065,Pennsylvania,42,65,1213674,34779,0,0.254003853,0.745996147,0.379,0.255,0.394,0.25
JEFFERSON,04,AL,1,1073,0500000US01073,Alabama,1,73,161562,294103,0.289184401,0.27249977,0.438315828,0.606,0.665,0.576,0.618
JEFFERSON,04,KY,1,21111,0500000US21111,Kentucky,21,111,516902,349130,0.581952281,0.165537192,0.252510526,0.042,0.134,0.042,0.122
JEFFERSON,06,TX,1,48245,0500000US48245,Texas,48,245,1383908,127576,0.569730984,0.268294977,0.161974039,0.866,0.935,0.917,0.955
JEFFERSON,07,IA,1,19101,0500000US19101,Iowa,19,101,465239,14240,0.548033708,0.037921348,0.414044944,0.806,0.461,0.776,0.433
JEFFERSON,07,MO,2,29099,0500000US29099,Missouri,29,99,758504,110978,0.169889528,0.253888158,0.576222314,0.175,0.422,0.175,0.403
JEFFERSON,08,CO,2,8059,0500000US08059,Colorado,8,59,198145,210118,0.568423457,0.22105198,0.210524562,0.984,0.967,0.984,0.981
JEFFERSON,08,MT,1,30043,0500000US30043,Montana,30,43,1720045,10965,1.82399e-4,0.187596899,0.812220702,0.582,0.824,0.673,0.868
JO DAVIESS,05,IL,2,17085,0500000US17085,Illinois,17,85,424244,25860,0.198839907,0.217208043,0.583952049,0.822,0.195,0.822,0.188
JOHNSON,07,KS,2,20091,0500000US20091,Kansas,20,91,485010,205817,0.747571872,0.055593075,0.196835052,0.144,0.362,0.096,0.351
JUNCOS,02,PR,1,NA,NA,NA,NA,NA,NA,NA,NA,NA,NA,NA,NA,NA,NA
KALAMAZOO,05,MI,5,26077,0500000US26077,Michigan,26,77,1622981,111435,0.357428097,0.243397496,0.399174407,0.256,0.075,0.256,0.072
KANE,05,IL,1,17089,0500000US17089,Illinois,17,89,424246,179097,0.862443257,0.012228011,0.125328732,0.584,0.097,0.594,0.095
KANKAKEE,05,IL,1,17091,0500000US17091,Illinois,17,91,424247,61084,0.823063323,0.001489752,0.175446926,0.426,0.06,0.436,0.062
KAUFMAN,06,TX,1,48257,0500000US48257,Texas,48,257,1383914,76706,0.033608844,0.366464162,0.599926994,0.217,0.667,0.233,0.66
KEITH,07,NE,1,31101,0500000US31101,Nebraska,31,101,835872,10048,0.066480892,0.480095541,0.453423567,0.663,0.613,0.587,0.633
KENNEBEC,01,ME,1,23011,0500000US23011,Maine,23,11,581291,74929,0.062819469,0.179676761,0.75750377,0.133,0.042,0.133,0.042
KENT,01,RI,1,44003,0500000US44003,Rhode Island,44,3,1219778,68960,0.708439675,0.085571346,0.205988979,0.75,0.151,1,0.184
KENT,03,DE,2,10001,0500000US10001,Delaware,10,1,217271,83390,0.362261662,0.128372707,0.509365631,0.5,0.353,0.5,0.383
KENT,05,MI,6,26081,0500000US26081,Michigan,26,81,1622983,269520,0.594709112,0.113620511,0.291670377,0.39,0.116,0.415,0.11
KERN,09,CA,2,6029,0500000US06029,California,6,29,2054176,355572,0.565843205,0.223161554,0.210995241,0.404,0.931,0.439,0.95
KEWAUNEE,05,WI,1,55061,0500000US55061,Wisconsin,55,61,1581090,18779,0.537462059,0.04110975,0.421428191,0,0.058,0,0.053
KING,10,WA,9,53033,0500000US53033,Washington,53,33,1531933,689110,0.725033739,0.126844771,0.14812149,0.395,0.604,0.395,0.646
KING GEORGE,03,VA,1,51099,0500000US51099,Virginia,51,99,1480137,14881,0.012163161,0.122034809,0.865802029,0.303,0.286,0.333,0.294
KINGS,02,NY,2,36047,0500000US36047,New York,36,47,974122,286702,0.999598887,0,4.01113e-4,0.902,0.296,0.951,0.327
KITSAP,10,WA,7,53035,0500000US53035,Washington,53,35,1529223,121407,0.256607939,0.273328556,0.470063505,0.105,0.172,0.079,0.179
KLAMATH,10,OR,1,41035,0500000US41035,Oregon,41,35,1155134,47958,0.197693815,0.312064723,0.490241461,0.457,0.882,0.457,0.87
KNOX,04,TN,1,47093,0500000US47093,Tennessee,47,93,1639761,204644,0.385156662,0.173056625,0.441786713,0.67,0.7,0.66,0.638
KNOX,05,IL,1,17095,0500000US17095,Illinois,17,95,424249,38272,0.709813963,0.053302676,0.236883361,0.366,0.054,0.366,0.053
KNOX,05,IN,1,18083,0500000US18083,Indiana,18,83,450366,26755,0.631059615,0.007250981,0.361689404,0.396,0.035,0.396,0.035
KOSCIUSKO,05,IN,1,18085,0500000US18085,Indiana,18,85,450367,56358,0.584761702,0.02812378,0.387114518,0.209,0.017,0.209,0.017
LA CROSSE,05,WI,1,55063,0500000US55063,Wisconsin,55,63,1581091,55499,0.240562893,0.511612822,0.247824285,0.606,0.191,0.592,0.183
LA PORTE,05,IN,2,18091,0500000US18091,Indiana,18,91,450507,66898,0.540300158,0.052109181,0.40759066,0.802,0.132,0.824,0.128
LA SALLE,05,IL,3,17099,0500000US17099,Illinois,17,99,422247,77525,0.582134795,0.195885198,0.221980006,0.485,0.071,0.495,0.071
LAKE,04,FL,1,12069,0500000US12069,Florida,12,69,308551,182961,0.177239958,0.360699821,0.46206022,0.591,0.89,0.561,0.867
LAKE,05,IL,5,17097,0500000US17097,Illinois,17,97,1784796,255171,0.757488116,0.04709391,0.195417975,0.891,0.228,0.891,0.22
LAKE,05,IN,5,18089,0500000US18089,Indiana,18,89,450495,239141,0.848169072,0.056548229,0.095282699,1,0.336,1,0.315
LAKE,05,MI,1,26085,0500000US26085,Michigan,26,85,1622985,14598,0.010754898,0.082819564,0.906425538,0.732,0.293,0.732,0.308
LAKE,08,CO,1,8065,0500000US08065,Colorado,8,65,198149,5191,0,0.553072626,0.446927374,0.048,0.406,0.079,0.497
LAKE,09,CA,1,6033,0500000US06033,California,6,33,277281,49863,0.0467882,0.42199627,0.531215531,0.965,0.995,0.965,0.997
LAKE,10,OR,1,41037,0500000US41037,Oregon,41,37,1135854,8751,0.015883899,0.292766541,0.69134956,0.429,0.87,0.429,0.868
LANCASTER,03,PA,2,42071,0500000US42071,Pennsylvania,42,71,1209181,225547,0.471968149,0.096241582,0.43179027,0,0.049,0,0.059
LAPEER,05,MI,1,26087,0500000US26087,Michigan,26,87,1622986,58591,0.141096755,0.085337338,0.773565906,0.207,0.07,0.207,0.065
LARAMIE,08,WY,1,56021,0500000US56021,Wyoming,56,21,1605075,55213,0.316773224,0.300400268,0.382826508,0.545,0.78,0.455,0.794
LAWRENCE,04,TN,1,47099,0500000US47099,Tennessee,47,99,1639764,32557,0.048714562,0.14393218,0.807353257,0.436,0.413,0.436,0.379
LAWRENCE,05,OH,3,39087,0500000US39087,Ohio,39,87,1074056,39860,5.7702e-4,0.432940291,0.566482689,1,0.472,1,0.458
LAWRENCE,07,MO,1,29109,0500000US29109,Missouri,29,109,758509,31301,0.174627009,0.11082713,0.714545861,0.588,0.55,0.588,0.526
LAWRENCE,08,SD,1,46081,0500000US46081,South Dakota,46,81,1266996,17590,0,0.392040932,0.607959068,0.877,0.807,0.877,0.805
LEBANON,03,PA,1,42075,0500000US42075,Pennsylvania,42,75,1214034,65473,0.484795259,0.118445772,0.396758969,0.242,0.221,0.288,0.234
LEELANAU,05,MI,1,26089,0500000US26089,Michigan,26,89,1622987,21985,0.050034114,0.143188538,0.806777348,0.488,0.134,0.463,0.13
LEHIGH,03,PA,3,42077,0500000US42077,Pennsylvania,42,77,1209182,122139,0.427038047,0.246620654,0.3263413,0.227,0.22,0.303,0.235
LEWIS,10,WA,2,53041,0500000US53041,Washington,53,41,1531927,61277,3.10067e-4,0.298431712,0.701258221,0.421,0.663,0.421,0.693
LEWIS AND CLARK,08,MT,2,30049,0500000US30049,Montana,30,49,793926,47550,0.085888538,0.452639327,0.461472135,0.709,0.878,0.782,0.913
LEXINGTON,04,SC,3,45063,0500000US45063,South Carolina,45,63,1244251,155149,0.172344005,0.283869055,0.54378694,0.133,0.543,0.2,0.528
LIBERTY,06,TX,1,48291,0500000US48291,Texas,48,291,1383931,53550,6.34921e-4,0.169169001,0.830196078,0.431,0.762,0.352,0.723
LINCOLN,08,MT,2,30053,0500000US30053,Montana,30,53,1720038,21332,0.003984624,0.252062629,0.743952747,0.873,0.926,0.909,0.94
LINN,10,OR,1,41043,0500000US41043,Oregon,41,43,1135857,72449,0.256842745,0.307471463,0.435685793,0.314,0.641,0.314,0.656
LIVINGSTON,02,NY,1,36051,0500000US36051,New York,36,51,974124,38802,0.160326787,0.145817226,0.693855987,0.246,0.07,0.295,0.075
LIVINGSTON,05,MI,2,26093,0500000US26093,Michigan,26,93,1622989,94447,0.102237234,0.253295499,0.644467267,0.439,0.127,0.427,0.118
LIVINGSTON,06,LA,1,22063,0500000US22063,Louisiana,22,63,558083,77780,0.016996657,0.311288249,0.671715094,0.587,0.41,0.603,0.415
LOS ANGELES,09,CA,14,6037,0500000US06037,California,6,37,277283,2748612,0.803409139,0.14620252,0.050388341,0.579,0.967,0.737,0.985
LOUDOUN,03,VA,1,51107,0500000US51107,Virginia,51,107,1480141,105561,0.199514972,0.362321312,0.438163716,0.167,0.257,0.258,0.272
LOWER CONNECTICUT RIVER VALLEY PLANNING REGION,01,CT,1,9130,0500000US09130,Connecticut,9,130,2830246,88472,0.150284836,0.222115472,0.627599693,1,0.279,1,0.3
LOWNDES,04,MS,1,28087,0500000US28087,Mississippi,28,87,695767,34368,0.108531192,0.256604981,0.634863827,0.136,0.442,0.123,0.41
LUZERNE,03,PA,1,42079,0500000US42079,Pennsylvania,42,79,1209183,156899,0.234354585,0.394642413,0.371003002,0.985,0.448,0.985,0.454
LYCOMING,03,PA,1,42081,0500000US42081,Pennsylvania,42,81,1213677,66046,0.02722345,0.419510644,0.553265906,0.652,0.347,0.652,0.351
LYON,09,NV,1,32019,0500000US32019,Nevada,32,19,858645,32309,0.076294531,0.539756724,0.383948745,0.438,0.918,0.375,0.93
MACOMB,05,MI,4,26099,0500000US26099,Michigan,26,99,1622992,362728,0.913612955,0.009784191,0.076602854,0.134,0.055,0.122,0.049
MADISON,04,AL,1,1089,0500000US01089,Alabama,1,89,161570,179274,0.265699432,0.328056495,0.406244073,0.015,0.288,0.015,0.263
MADISON,04,FL,1,12079,0500000US12079,Florida,12,79,295731,13485,3.70782e-4,0.12962551,0.870003708,0.061,0.673,0.076,0.68
MADISON,04,MS,1,28089,0500000US28089,Mississippi,28,89,695768,48123,0.192361241,0.335369782,0.472268977,0.42,0.581,0.42,0.553
MADISON,04,TN,1,47113,0500000US47113,Tennessee,47,113,1639769,49716,0.23111272,0.146109904,0.622777375,0.309,0.323,0.309,0.303
MADISON,05,IL,2,17119,0500000US17119,Illinois,17,119,424258,144190,0.670691449,0.115299258,0.214009293,0.495,0.074,0.485,0.07
MADISON,07,MO,1,29123,0500000US29123,Missouri,29,123,758515,10199,2.94146e-4,0.231885479,0.767820375,0.482,0.496,0.456,0.466
MADISON,07,NE,2,31119,0500000US31119,Nebraska,31,119,835880,22971,0.679030081,0.034304123,0.286665796,0.261,0.4,0.402,0.515
MANATI,02,PR,1,NA,NA,NA,NA,NA,NA,NA,NA,NA,NA,NA,NA,NA,NA
MANITOWOC,05,WI,2,55071,0500000US55071,Wisconsin,55,71,1581095,58106,0.517020617,0.166540461,0.316438922,0.056,0.084,0.042,0.078
MARATHON,05,WI,3,55073,0500000US55073,Wisconsin,55,73,1581096,85089,0.215068928,0.244461681,0.540469391,0.423,0.165,0.479,0.165
MARICOPA,09,AZ,5,4013,0500000US04013,Arizona,4,13,37026,1628681,0.663064161,0.205376621,0.131559219,0.286,0.759,0.143,0.787
MARIES,07,MO,1,29125,0500000US29125,Missouri,29,125,758516,11503,8.6934e-5,0.072415892,0.927497175,0.623,0.573,0.623,0.545
MARION,03,WV,1,54049,0500000US54049,West Virginia,54,49,1718173,33213,2.10761e-4,0.424713215,0.575076024,0.185,0.307,0.185,0.299
MARION,05,IL,1,17121,0500000US17121,Illinois,17,121,424259,29040,0.477066116,0.093112948,0.429820937,0.564,0.091,0.564,0.087
MARION,05,IN,2,18097,0500000US18097,Indiana,18,97,450371,372000,0.893473118,0,0.106526882,0.593,0.088,0.56,0.074
MARION,05,OH,1,39101,0500000US39101,Ohio,39,101,1074063,37446,0.773086578,0.01204401,0.214869412,0.207,0.013,0.207,0.013
MARSHALL,03,WV,1,54051,0500000US54051,West Virginia,54,51,1717539,23980,5.00417e-4,0.398331943,0.60116764,0.074,0.282,0.074,0.278
MARSHALL,04,KY,1,21157,0500000US21157,Kentucky,21,157,516922,28550,0.040805604,0.087635727,0.871558669,0.622,0.34,0.622,0.316
MARTIN,04,FL,2,12085,0500000US12085,Florida,12,85,308550,68351,0.386358649,0.351333558,0.262307794,0.667,0.909,0.682,0.892
MASON,03,WV,1,54053,0500000US54053,West Virginia,54,53,1560254,22538,0.004170734,0.272384417,0.723444849,0.407,0.37,0.37,0.357
MAUNABO,02,PR,1,NA,NA,NA,NA,NA,NA,NA,NA,NA,NA,NA,NA,NA,NA
MCCLAIN,06,OK,1,40087,0500000US40087,Oklahoma,40,87,1101834,29591,1.6897e-4,0.214592275,0.785238755,0.421,0.872,0.382,0.856
MCCORMICK,04,SC,1,45065,0500000US45065,South Carolina,45,65,1248012,7732,0.015390585,0.07190895,0.912700466,0.578,0.636,0.467,0.601
MCCRACKEN,04,KY,1,21145,0500000US21145,Kentucky,21,145,516925,41206,0.204387711,0.150657671,0.644954618,0.521,0.254,0.521,0.236
MCHENRY,05,IL,1,17111,0500000US17111,Illinois,17,111,1784815,131609,0.667446755,0.064463676,0.268089568,0.723,0.144,0.733,0.143
MCKINLEY,06,NM,2,35031,0500000US35031,New Mexico,35,31,929107,34217,0.001870415,0.281439051,0.716690534,0.031,0.422,0.094,0.497
MECKLENBURG,04,NC,1,37119,0500000US37119,North Carolina,37,119,1008570,357494,0.393234572,0.197281633,0.409483796,0.354,0.375,0.273,0.336
MENDOCINO,09,CA,1,6045,0500000US06045,California,6,45,277287,59392,0.003872575,0.315177128,0.680950296,0.368,0.928,0.474,0.951
MERCED,09,CA,1,6047,0500000US06047,California,6,47,277288,109165,0.472587368,0.219310218,0.308102414,0.228,0.893,0.211,0.881
MERCER,03,PA,3,42085,0500000US42085,Pennsylvania,42,85,1213678,74615,0.148696643,0.247162099,0.604141258,0.258,0.229,0.212,0.224
MIAMI,05,OH,3,39109,0500000US39109,Ohio,39,109,1074067,64746,0.61906527,0.041624193,0.339310537,0.276,0.023,0.264,0.021
MIAMI-DADE,04,FL,6,12086,0500000US12086,Florida,12,86,295755,565900,0.828088001,0.082253048,0.08965895,0.985,0.995,0.985,0.999
MIDDLESEX,01,MA,14,25017,0500000US25017,Massachusetts,25,17,606935,462418,0.618872968,0.16821577,0.212911262,1,0.216,1,0.249
MIDDLESEX,02,NJ,14,34023,0500000US34023,New Jersey,34,23,882230,227377,0.654419752,0.178628445,0.166951803,0.55,0.398,0.55,0.403
MIFFLIN,03,PA,1,42087,0500000US42087,Pennsylvania,42,87,1213679,29811,0.030391466,0.398342894,0.57126564,0.924,0.423,0.955,0.445
MILWAUKEE,05,WI,1,55079,0500000US55079,Wisconsin,55,79,1581100,373741,0.953810259,1.76593e-4,0.046013148,0.535,0.18,0.493,0.167
MINERAL,03,WV,1,54057,0500000US54057,West Virginia,54,57,1717890,18553,0,0.2984423,0.7015577,0.537,0.426,0.537,0.432
MINERAL,08,MT,1,30061,0500000US30061,Montana,30,61,1720030,4437,0,0.22334911,0.77665089,0.764,0.891,0.873,0.924
MISSOULA,08,MT,1,30063,0500000US30063,Montana,30,63,1719596,60139,0.117743893,0.455095695,0.427160412,0.964,0.958,0.982,0.961
MITCHELL,04,GA,1,13205,0500000US13205,Georgia,13,205,343645,15064,0.02920871,0.238316516,0.732474774,0.095,0.486,0.165,0.491
MOBILE,04,AL,2,1097,0500000US01097,Alabama,1,97,161575,205286,0.226995509,0.128050622,0.644953869,0.985,0.882,1,0.862
MONMOUTH,02,NJ,9,34025,0500000US34025,New Jersey,34,25,882910,234780,0.529891814,0.16087401,0.309234177,0.7,0.618,0.7,0.631
MONROE,03,PA,2,42089,0500000US42089,Pennsylvania,42,89,1209184,85898,0.00515728,0.136394328,0.858448392,0.955,0.431,0.939,0.43
MONROE,05,OH,1,39111,0500000US39111,Ohio,39,111,1074068,17225,0.001683599,0.111872279,0.886444122,0.885,0.292,0.908,0.285
MONROE,05,WI,1,55081,0500000US55081,Wisconsin,55,81,1581101,37082,0.117792999,0.323688043,0.558518958,0.761,0.231,0.775,0.227
MONTEREY,09,CA,1,6053,0500000US06053,California,6,53,277291,148198,0.469824154,0.235300072,0.294875774,0.86,0.987,0.789,0.989
MONTGOMERY,03,PA,17,42091,0500000US42091,Pennsylvania,42,91,1213680,271737,0.453534116,0.093726655,0.452739229,0.015,0.086,0.03,0.088
MONTGOMERY,04,AL,1,1101,0500000US01101,Alabama,1,101,161577,106548,0.385300522,0.263120847,0.351578631,0.379,0.513,0.333,0.471
MONTGOMERY,05,IL,2,17135,0500000US17135,Illinois,17,135,1784866,25492,0.446414561,0.255335007,0.298250432,0.574,0.095,0.574,0.092
MONTGOMERY,05,OH,5,39113,0500000US39113,Ohio,39,113,1074069,256198,0.819245271,0.021815159,0.15893957,0.402,0.073,0.391,0.066
MONTGOMERY,06,TX,2,48339,0500000US48339,Texas,48,339,1383955,248263,0.190825858,0.375613764,0.433560378,0.04,0.569,0.04,0.553
MONTGOMERY,07,KS,1,20125,0500000US20125,Kansas,20,125,485027,25444,0.379893099,0.115272756,0.504834146,0.721,0.743,0.702,0.752
MONTOUR,03,PA,1,42093,0500000US42093,Pennsylvania,42,93,1213681,11166,0.079437578,0.334049794,0.586512628,0.318,0.239,0.364,0.241
MONTROSE,08,CO,1,8085,0500000US08085,Colorado,8,85,198158,29505,0.297644467,0.211930181,0.490425352,0.492,0.721,0.556,0.798
MOORE,04,NC,3,37125,0500000US37125,North Carolina,37,125,1008573,60203,0.021510556,0.161968673,0.816520771,0.737,0.68,0.737,0.669
MORGAN,05,IN,1,18109,0500000US18109,Indiana,18,109,450375,43345,0.177229208,0.178475026,0.644295767,0.714,0.113,0.703,0.104
MORRIS,02,NJ,8,34027,0500000US34027,New Jersey,34,27,882231,175718,0.149842361,0.226681387,0.623476252,0.3,0.225,0.3,0.232
MORROW,10,OR,1,41049,0500000US41049,Oregon,41,49,1135860,9659,0.207578424,0.22787038,0.564551196,0.486,0.912,0.486,0.899
MULTNOMAH,10,OR,3,41051,0500000US41051,Oregon,41,51,1135861,271265,0.853394282,0.082852561,0.063753157,0.343,0.652,0.343,0.694
MUSKEGON,05,MI,4,26121,0500000US26121,Michigan,26,121,1623003,87599,0.337264124,0.192159728,0.470576148,0.561,0.175,0.561,0.171
MUSKINGUM,05,OH,1,39119,0500000US39119,Ohio,39,119,1074072,58798,0.058573421,0.319534678,0.621891901,0.782,0.274,0.782,0.26
NASSAU,02,NY,13,36059,0500000US36059,New York,36,59,974128,432375,0.870004047,0.056011564,0.073984389,0.803,0.225,0.803,0.243
NAUGATUCK VALLEY PLANNING REGION,01,CT,3,9140,0500000US09140,Connecticut,9,140,2830249,166478,0.178540107,0.378884898,0.442574995,0.875,0.266,0.875,0.279
NELSON,03,VA,1,51125,0500000US51125,Virginia,51,125,1500936,13228,1.51194e-4,0.026232235,0.973616571,0.735,0.532,0.742,0.549
NEVADA,09,CA,1,6057,0500000US06057,California,6,57,1682927,62709,0.011848379,0.211277488,0.776874133,0.842,0.987,0.93,0.995
NEW CASTLE,03,DE,9,10003,0500000US10003,Delaware,10,3,217270,173202,0.589150241,0.108393668,0.302456092,0,0.319,0,0.331
NEW HANOVER,04,NC,1,37129,0500000US37129,North Carolina,37,129,1026329,92007,0.37497147,0.291347397,0.333681133,0.788,0.705,0.869,0.762
NEWPORT,01,RI,1,44005,0500000US44005,Rhode Island,44,5,1219779,43408,0.679367858,0.058606708,0.262025433,0.25,0.073,0.25,0.079
NEWPORT NEWS CITY,03,VA,1,51700,0500000US51700,Virginia,51,700,1498555,60372,0.591267475,0.178741801,0.229990724,0.492,0.347,0.492,0.346
NEWTON,07,MO,2,29145,0500000US29145,Missouri,29,145,758527,41543,0.074356691,0.130635727,0.795007583,0.781,0.658,0.816,0.636
NIAGARA,02,NY,3,36063,0500000US36063,New York,36,63,974130,114004,0.510271569,0.044875618,0.444852812,0,0.016,0,0.016
NORFOLK,01,MA,3,25021,0500000US25021,Massachusetts,25,21,606937,222408,0.608678645,0.159517643,0.231803712,0.692,0.147,0.769,0.178
NORFOLK CITY,03,VA,1,51710,0500000US51710,Virginia,51,710,1498557,71725,0.878773092,0,0.121226908,0.098,0.235,0.098,0.233
NORTHAMPTON,03,PA,2,42095,0500000US42095,Pennsylvania,42,95,1209185,123139,0.431382421,0.173275729,0.395341849,0.47,0.274,0.515,0.287
NORTHEASTERN CONNECTICUT PLANNING REGION,01,CT,3,9150,0500000US09150,Connecticut,9,150,2830250,55464,0.034274484,0.150800519,0.814924996,0,0.187,0,0.205
NORTHWEST HILLS PLANNING REGION,01,CT,1,9160,0500000US09160,Connecticut,9,160,2830251,69123,0.005454046,0.209105508,0.785440447,0.75,0.257,0.75,0.267
NUECES,06,TX,1,48355,0500000US48355,Texas,48,355,1383963,150910,0.813836061,0.090570539,0.0955934,0.13,0.639,0.229,0.658
OAKLAND,05,MI,4,26125,0500000US26125,Michigan,26,125,1623005,504353,0.667566169,0.086040928,0.246392903,0.341,0.103,0.329,0.092
OCEAN,02,NJ,4,34029,0500000US34029,New Jersey,34,29,882279,265591,0.501361115,0.340293911,0.158344974,1,0.915,1,0.943
OCHILTREE,06,TX,1,48357,0500000US48357,Texas,48,357,1383964,8283,0.462030665,0.211638295,0.326331039,0.893,0.947,0.866,0.941
OGLE,05,IL,1,17141,0500000US17141,Illinois,17,141,1784894,39301,0.608992138,0.070888781,0.320119081,0.396,0.058,0.416,0.059
OKLAHOMA,06,OK,1,40109,0500000US40109,Oklahoma,40,109,1101842,335180,0.783641625,0.028602542,0.187755833,0.132,0.753,0.132,0.743
ONEIDA,02,NY,1,36065,0500000US36065,New York,36,65,974131,112965,0.17836498,0.232682689,0.58895233,0.082,0.035,0.082,0.034
ONONDAGA,02,NY,1,36067,0500000US36067,New York,36,67,974132,198767,0.427525696,0.2051095,0.367364804,0.213,0.055,0.213,0.057
ONSLOW,04,NC,2,37133,0500000US37133,North Carolina,37,133,1026341,93016,0.12320461,0.241345575,0.635449815,0.747,0.68,0.808,0.723
ORANGE,01,VT,2,50017,0500000US50017,Vermont,50,17,1461765,23131,0.001037569,0.089447062,0.909515369,0.692,0.102,0.692,0.098
ORANGE,02,NY,2,36071,0500000US36071,New York,36,71,974134,139885,0.133695536,0.252421632,0.613882832,1,0.377,1,0.371
ORANGE,04,FL,3,12095,0500000US12095,Florida,12,95,295750,415026,0.553521948,0.208336345,0.238141707,0.864,0.945,0.864,0.938
ORANGE,09,CA,2,6059,0500000US06059,California,6,59,277294,814055,0.769074571,0.204838739,0.026086689,0.895,0.99,0.912,0.995
ORLEANS,02,NY,1,36073,0500000US36073,New York,36,73,974135,26414,0.248201711,0.073294465,0.678503824,0.016,0.024,0.016,0.025
OSWEGO,02,NY,2,36075,0500000US36075,New York,36,75,974136,73164,0.047414029,0.160680116,0.791905855,0.197,0.054,0.18,0.053
OTTAWA,06,OK,1,40115,0500000US40115,Oklahoma,40,115,1101845,23985,0.107442151,0.304231812,0.588326037,0.066,0.709,0.026,0.679
OTTER TAIL,05,MN,1,27111,0500000US27111,Minnesota,27,111,659501,67475,0.217739904,0.071626528,0.710633568,0.698,0.406,0.686,0.437
OUACHITA,06,AR,1,5103,0500000US05103,Arkansas,5,103,69170,17011,8.22997e-4,0.417376991,0.581800012,0.324,0.419,0.297,0.401
OUTAGAMIE,05,WI,1,55087,0500000US55087,Wisconsin,55,87,1581104,98800,0.668522267,0.093593117,0.237884615,0.408,0.165,0.437,0.163
OZAUKEE,05,WI,1,55089,0500000US55089,Wisconsin,55,89,1581105,41724,0.547382801,0.043596012,0.409021187,0.254,0.135,0.225,0.125
PALM BEACH,04,FL,1,12099,0500000US12099,Florida,12,99,295761,438199,0.788333611,0.092266299,0.11940009,0.727,0.923,0.833,0.936
PARKER,06,TX,1,48367,0500000US48367,Texas,48,367,1383969,93615,0.048838327,0.149548683,0.801612989,0.822,0.916,0.822,0.925
PASSAIC,02,NJ,1,34031,0500000US34031,New Jersey,34,31,882232,113602,0.628774141,0.130393831,0.240832028,0.35,0.284,0.35,0.299
PAYNE,06,OK,1,40119,0500000US40119,Oklahoma,40,119,1101847,44950,0.322736374,0.1432703,0.533993326,0.553,0.908,0.539,0.885
PEACH,04,GA,1,13225,0500000US13225,Georgia,13,225,343153,14309,0.035851562,0.230833741,0.733314697,0.146,0.502,0.146,0.483
PENNINGTON,08,SD,1,46103,0500000US46103,South Dakota,46,103,1266995,55008,0.274723677,0.325970768,0.399305556,0.892,0.845,0.892,0.835
PENOBSCOT,01,ME,2,23019,0500000US23019,Maine,23,19,581295,90889,0.047640529,0.259844426,0.692515046,0.6,0.057,0.6,0.057
PERSON,04,NC,1,37145,0500000US37145,North Carolina,37,145,1008577,29514,0.002168462,0.123432947,0.87439859,0.313,0.36,0.283,0.337
PHILADELPHIA,03,PA,2,42101,0500000US42101,Pennsylvania,42,101,1209187,224621,0.952987477,0.018858433,0.028154091,0.152,0.2,0.167,0.201
PICKENS,04,SC,1,45077,0500000US45077,South Carolina,45,77,1248015,67861,0.009887859,0.207571359,0.782540782,0.533,0.623,0.378,0.586
PIERCE,10,WA,6,53053,0500000US53053,Washington,53,53,1529159,368961,0.625272048,0.178723497,0.196004456,0.474,0.706,0.447,0.737
PIMA,09,AZ,1,4019,0500000US04019,Arizona,4,19,25446,456427,0.499679029,0.25774987,0.242571101,0.571,0.877,0.429,0.871
PINELLAS,04,FL,1,12103,0500000US12103,Florida,12,103,295745,375768,0.902655362,0.047739563,0.049605075,0.197,0.747,0.197,0.74
PLATTE,07,NE,2,31141,0500000US31141,Nebraska,31,141,835892,26016,0.602360086,0.157787515,0.239852399,0.152,0.331,0.217,0.409
POLK,04,FL,1,12105,0500000US12105,Florida,12,105,295747,307453,0.223393494,0.381033849,0.395572657,0.894,0.96,0.879,0.947
POLK,04,GA,1,13233,0500000US13233,Georgia,13,233,343585,23872,0.02107071,0.22913874,0.74979054999999994,0.981,0.818,0.956,0.771
POLK,06,AR,1,5113,0500000US05113,Arkansas,5,113,69175,19019,1.05158e-4,0.155318366,0.844576476,0.919,0.782,0.905,0.734
POLK,07,IA,2,19153,0500000US19153,Iowa,19,153,465265,206691,0.791911598,0.02827409,0.179814312,0.48,0.283,0.48,0.28
PORTAGE,05,OH,1,39133,0500000US39133,Ohio,39,133,1074079,83970,0.08634036,0.315565083,0.598094558,0.655,0.222,0.655,0.213
PORTSMOUTH CITY,03,VA,4,51740,0500000US51740,Virginia,51,740,1498556,39257,0.860967471,0,0.139032529,0.106,0.24,0.159,0.251
PRINCE GEORGE'S,03,MD,3,24033,0500000US24033,Maryland,24,33,1714670,262507,0.526987852,0.168197419,0.304814729,0.478,0.256,0.435,0.263
PRINCE WILLIAM,03,VA,1,51153,0500000US51153,Virginia,51,153,1480161,117074,0.275500965,0.301937236,0.422561799,0.061,0.191,0.068,0.192
PROVIDENCE,01,RI,7,44007,0500000US44007,Rhode Island,44,7,1219781,204216,0.723297881,0.107934736,0.168767384,1,0.161,0.75,0.184
PUEBLO,08,CO,1,8101,0500000US08101,Colorado,8,101,198166,87939,0.309680574,0.434210077,0.256109349,0.635,0.793,0.651,0.817
PULASKI,06,AR,1,5119,0500000US05119,Arkansas,5,119,69177,182186,0.366724117,0.344269044,0.289006839,0.459,0.552,0.459,0.508
PUTNAM,02,NY,2,36079,0500000US36079,New York,36,79,974138,39336,0.029082774,0.243314013,0.727603213,0.934,0.309,0.934,0.323
PUTNAM,03,WV,1,54079,0500000US54079,West Virginia,54,79,1550046,33298,0.004775062,0.461769476,0.533455463,0.667,0.536,0.63,0.507
QUEENS,02,NY,1,36081,0500000US36081,New York,36,81,974139,358042,0.997385782,0,0.002614218,0.82,0.241,0.885,0.271
RACINE,05,WI,1,55101,0500000US55101,Wisconsin,55,101,1581111,97288,0.708093496,0.055566976,0.236339528,0.465,0.17,0.423,0.162
RAMSEY,05,MN,3,27123,0500000US27123,Minnesota,27,123,659507,195605,0.886173666,0.016681578,0.097144756,0.488,0.264,0.477,0.289
RANKIN,04,MS,1,28121,0500000US28121,Mississippi,28,121,695781,74199,0.044838879,0.400746641,0.55441448,0.407,0.576,0.407,0.545
RENO,07,KS,1,20155,0500000US20155,Kansas,20,155,485041,41850,0.625997611,0.044802867,0.329199522,0.846,0.84,0.865,0.883
RICHLAND,04,SC,2,45079,0500000US45079,South Carolina,45,79,1249299,165540,0.35036245,0.276410535,0.373227015,0.311,0.583,0.289,0.568
RICHMOND,04,GA,1,13245,0500000US13245,Georgia,13,245,358024,90483,0.372412497,0.319010201,0.308577302,0.304,0.536,0.297,0.522
RICHMOND,04,NC,1,37153,0500000US37153,North Carolina,37,153,1008581,28931,0.043067989,0.238083716,0.718848294,0.889,0.765,0.859,0.753
RIO ARRIBA,06,NM,1,35039,0500000US35039,New Mexico,35,39,1702368,33856,0.025578922,0.198546786,0.775874291,0.438,0.821,0.531,0.877
RIO GRANDE,08,CO,1,8105,0500000US08105,Colorado,8,105,198168,12230,0.25690924,0.211774325,0.531316435,0.063,0.411,0.095,0.502
RIVERSIDE,09,CA,2,6065,0500000US06065,California,6,65,277297,839226,0.39899026,0.428684288,0.172325452,0.825,0.985,0.877,0.993
ROCK,05,WI,2,55105,0500000US55105,Wisconsin,55,105,1581113,87100,0.709644087,0.006659013,0.2836969,0.211,0.119,0.211,0.119
ROCKINGHAM,01,NH,8,33015,0500000US33015,New Hampshire,33,15,873181,132138,0.134457915,0.244093296,0.621448788,0.889,0.148,0.889,0.178
ROCKLAND,02,NY,1,36087,0500000US36087,New York,36,87,974142,82661,0.422617679,0.176782279,0.400600041,0.984,0.327,0.967,0.342
ROWAN,04,NC,1,37159,0500000US37159,North Carolina,37,159,1008583,88723,0.057707697,0.183154312,0.759137991,0.444,0.406,0.404,0.374
SACRAMENTO,09,CA,4,6067,0500000US06067,California,6,67,277298,515783,0.712731905,0.185760291,0.101507805,0.105,0.794,0.07,0.766
SALEM,02,NJ,1,34033,0500000US34033,New Jersey,34,33,882233,37616,0.347431944,0.140711399,0.511856657,0.6,0.46,0.6,0.488
SALT LAKE,08,UT,3,49035,0500000US49035,Utah,49,35,1448031,384243,0.793435404,0.154600084,0.051964512,0.821,0.934,0.786,0.964
SAN BERNARDINO,09,CA,5,6071,0500000US06071,California,6,71,277300,752395,0.52678579699999994,0.27582985,0.197384353,0.193,0.889,0.351,0.928
SAN DIEGO,09,CA,1,6073,0500000US06073,California,6,73,277301,939023,0.57988356,0.271940091,0.148176349,1,0.999,1,1
SAN FRANCISCO,09,CA,1,6075,0500000US06075,California,6,75,277302,160463,0.966079408,0.029676623,0.004243969,0.018,0.513,0.018,0.535
SAN GERMAN,02,PR,1,NA,NA,NA,NA,NA,NA,NA,NA,NA,NA,NA,NA,NA,NA
SAN JOAQUIN,09,CA,4,6077,0500000US06077,California,6,77,277303,268376,0.729044326,0.110050824,0.16090485,0.158,0.85,0.158,0.839
SAN JUAN,06,NM,1,35045,0500000US35045,New Mexico,35,45,936844,66074,0.103822986,0.402064352,0.494112662,0.062,0.424,0.062,0.489
SAN JUAN,08,CO,1,8111,0500000US08111,Colorado,8,111,198171,863,0,0.555040556,0.444959444,0.381,0.644,0.508,0.759
SAN JUAN,08,UT,1,49037,0500000US49037,Utah,49,37,1448032,13017,0.001843743,0.187831298,0.81032496,0.071,0.531,0.071,0.643
SANTA BARBARA,09,CA,1,6083,0500000US06083,California,6,83,277306,146809,0.336668733,0.408762406,0.254568862,0.526,0.956,0.579,0.968
SANTA CLARA,09,CA,21,6085,0500000US06085,California,6,85,277307,518508,0.690128214,0.22766669,0.082205096,0.596,0.967,0.544,0.965
SANTA CRUZ,09,CA,1,6087,0500000US06087,California,6,87,277308,108780,0.299889686,0.332763376,0.367346939,0.123,0.794,0.105,0.786
SANTA ROSA,04,FL,1,12113,0500000US12113,Florida,12,113,306914,85669,0.173434965,0.262300249,0.564264787,0.288,0.795,0.273,0.783
SARATOGA,02,NY,3,36091,0500000US36091,New York,36,91,974143,105685,0.105880683,0.223361877,0.67075744,0.689,0.148,0.689,0.157
SAUK,05,WI,1,55111,0500000US55111,Wisconsin,55,111,1581115,47303,0.198803459,0.325518466,0.475678075,0.634,0.201,0.634,0.19
SAUNDERS,07,NE,1,31155,0500000US31155,Nebraska,31,155,835899,22124,0.492361237,0.078918821,0.428719942,0.304,0.419,0.304,0.483
SCHUYLKILL,03,PA,1,42107,0500000US42107,Pennsylvania,42,107,1213685,73709,7.86878e-4,0.454652756,0.544560366,0.909,0.417,0.924,0.43
SCOTT,07,MO,1,29201,0500000US29201,Missouri,29,201,758553,25644,0.505771331,0.154149119,0.340079551,0.035,0.113,0.035,0.106
SEDGWICK,07,KS,1,20173,0500000US20173,Kansas,20,173,485049,229206,0.85600726,0.007861923,0.136130817,0.394,0.463,0.462,0.543
SEMINOLE,04,FL,2,12117,0500000US12117,Florida,12,117,303665,150066,0.473971453,0.191309157,0.33471939,0.833,0.944,0.848,0.937
SENECA,02,NY,1,36099,0500000US36099,New York,36,99,974147,22824,0.251445846,0.157684893,0.59086926,0.164,0.052,0.197,0.054
SHASTA,09,CA,1,6089,0500000US06089,California,6,89,1682610,98665,0.196614808,0.270521462,0.532863731,0.877,0.988,0.86,0.992
SHEBOYGAN,05,WI,2,55117,0500000US55117,Wisconsin,55,117,1581118,64201,0.705316117,0.031307924,0.26337596,0.394,0.16,0.352,0.152
SHELBY,04,AL,1,1117,0500000US01117,Alabama,1,117,161584,93524,0.055397545,0.374727343,0.569875112,0.742,0.74,0.742,0.695
SHELBY,04,TN,7,47157,0500000US47157,Tennessee,47,157,1639790,365705,0.61264954,0.162538111,0.224812349,0.489,0.436,0.489,0.407
SHOSHONE,10,ID,1,16079,0500000US16079,Idaho,16,79,1702379,10952,0,0.540540541,0.459459459,0.07,0.722,0.14,0.814
SILVER BOW,08,MT,2,30093,0500000US30093,Montana,30,93,1719575,23048,0.185048594,0.566036099,0.248915307,0.491,0.783,0.545,0.837
SIOUX,07,IA,1,19167,0500000US19167,Iowa,19,167,465272,30697,0.68788481,0.0044304,0.30768479,0.337,0.181,0.378,0.205
SISKIYOU,09,CA,1,6093,0500000US06093,California,6,93,277311,38220,0.016221873,0.356881214,0.62689691299999994,0.702,0.972,0.632,0.976
SMYTH,03,VA,1,51173,0500000US51173,Virginia,51,173,1500545,24068,0,0.18738574,0.81261426,0.932,0.661,0.879,0.632
SOCORRO,06,NM,1,35053,0500000US35053,New Mexico,35,53,1702371,14019,0.144660817,0.226549683,0.6287895,0.219,0.77,0.219,0.793
SOLANO,09,CA,2,6095,0500000US06095,California,6,95,277312,158211,0.497057727,0.38073206,0.122210213,0.175,0.881,0.175,0.866
SOMERSET,02,NJ,6,34035,0500000US34035,New Jersey,34,35,882234,104864,0.183075221,0.257142585,0.559782194,0.25,0.214,0.2,0.214
SOUTHEASTERN CONNECTICUT PLANNING REGION,01,CT,1,9180,0500000US09180,Connecticut,9,180,2830253,125928,0.253120831,0.205681024,0.541198145,0.125,0.205,0.25,0.226
SPARTANBURG,04,SC,2,45083,0500000US45083,South Carolina,45,83,1248592,168868,0.107148779,0.204810858,0.688040363,0.022,0.512,0.022,0.469
SPOKANE,10,WA,7,53063,0500000US53063,Washington,53,63,1529225,256247,0.4179366,0.321798889,0.26026451,0.526,0.829,0.526,0.817
SPOTSYLVANIA,03,VA,1,51177,0500000US51177,Virginia,51,177,1480172,58522,0.086787875,0.245634121,0.667578005,0.182,0.259,0.144,0.25
ST. CHARLES,07,MO,2,29183,0500000US29183,Missouri,29,183,758546,150738,0.689043241,0.126258807,0.184697953,0.114,0.361,0.114,0.34
ST. CLAIR,05,IL,1,17163,0500000US17163,Illinois,17,163,1784987,133603,0.744429392,0.094249381,0.161321228,0.406,0.058,0.396,0.055
ST. FRANCOIS,07,MO,1,29187,0500000US29187,Missouri,29,187,758548,37537,0.005194874,0.390121747,0.604683379,0.544,0.522,0.535,0.494
ST. JOSEPH,05,IN,2,18141,0500000US18141,Indiana,18,141,452855,128889,0.720007138,0.073660281,0.206332581,0.385,0.034,0.374,0.031
ST. JOSEPH,05,MI,1,26149,0500000US26149,Michigan,26,149,1625034,41274,0.448078694,0.105974706,0.445946601,0.049,0.032,0.037,0.029
ST. LAWRENCE,02,NY,2,36089,0500000US36089,New York,36,89,977309,73968,0.07391034,0.181416288,0.74467337199999994,0.23,0.069,0.23,0.069
ST. LOUIS,05,MN,1,27137,0500000US27137,Minnesota,27,137,662850,148248,0.174633047,0.258903999,0.566462954,0.86,0.55,0.872,0.616
ST. LOUIS,07,MO,4,29189,0500000US29189,Missouri,29,189,758549,393243,0.821222501,0.087965965,0.090811534,0.096,0.342,0.096,0.324
ST. MARY'S,03,MD,1,24037,0500000US24037,Maryland,24,37,1697853,52720,0.023216995,0.199791351,0.776991654,0.783,0.458,0.783,0.455
ST. TAMMANY,06,LA,2,22103,0500000US22103,Louisiana,22,103,1629503,120533,0.092787867,0.323289058,0.583923075,0.984,0.876,0.984,0.861
ST. THOMAS,02,VI,1,NA,NA,NA,NA,NA,NA,NA,NA,NA,NA,NA,NA,NA,NA
STANISLAUS,09,CA,3,6099,0500000US06099,California,6,99,277314,213164,0.627333884,0.172219512,0.200446604,0.386,0.929,0.316,0.922
STARK,05,OH,1,39151,0500000US39151,Ohio,39,151,1065576,202845,0.574305504,0.077591264,0.348103232,0.609,0.2,0.586,0.191
STEARNS,05,MN,1,27145,0500000US27145,Minnesota,27,145,659517,91960,0.427490213,0.194399739,0.378110048,0.581,0.327,0.547,0.333
STEVENS,10,WA,1,53065,0500000US53065,Washington,53,65,1531930,44497,0.011821022,0.223588107,0.764590871,0.763,0.932,0.789,0.927
STRAFFORD,01,NH,3,33017,0500000US33017,New Hampshire,33,17,873182,50381,0.007244795,0.374010043,0.618745162,0.778,0.124,0.778,0.132
SUFFOLK,02,NY,9,36103,0500000US36103,New York,36,103,974149,591614,0.520555633,0.166287478,0.313156889,0.918,0.302,0.984,0.348
SUFFOLK CITY,03,VA,2,51800,0500000US51800,Virginia,51,800,1498560,46253,0.185285279,0.257734633,0.556980088,0.561,0.384,0.591,0.4
SUMMIT,05,OH,1,39153,0500000US39153,Ohio,39,153,1074088,256244,0.535739373,0.187980987,0.27627964,0.632,0.203,0.621,0.197
SUSQUEHANNA,03,PA,1,42115,0500000US42115,Pennsylvania,42,115,1213688,37239,0.001181557,0.086898144,0.911920299,0.364,0.251,0.348,0.239
SUSSEX,02,NJ,3,34037,0500000US34037,New Jersey,34,37,882236,64562,0.01239119,0.188841734,0.798767077,0.5,0.365,0.5,0.364
SUSSEX,03,DE,2,10005,0500000US10005,Delaware,10,5,217269,156468,0.343706061,0.235888488,0.42040545,1,0.401,1,0.414
SWISHER,06,TX,1,48437,0500000US48437,Texas,48,437,1384004,6438,0.083566325,0.42435539,0.492078285,0.842,0.922,0.806,0.918
TALLADEGA,04,AL,1,1121,0500000US01121,Alabama,1,121,161586,49274,0.010390876,0.177862564,0.81174656,0.848,0.791,0.833,0.746
TAOS,06,NM,1,35055,0500000US35055,New Mexico,35,55,933056,28964,0.027931225,0.118043088,0.854025687,0.531,0.855,0.75,0.923
TARRANT,06,TX,2,48439,0500000US48439,Texas,48,439,1384005,694167,0.740406847,0.097603314,0.161989838,0.281,0.699,0.328,0.713
THOMAS,07,KS,1,20193,0500000US20193,Kansas,20,193,485057,7802,0.489618047,0.077672392,0.432709562,0,0.195,0,0.219
THURSTON,10,WA,1,53067,0500000US53067,Washington,53,67,1529226,136232,0.299760702,0.280433378,0.419805919,0.237,0.295,0.237,0.281
TIFT,04,GA,1,13277,0500000US13277,Georgia,13,277,344090,22235,0.220463234,0.167258826,0.61227794,0.057,0.473,0.089,0.468
TIPPECANOE,05,IN,1,18157,0500000US18157,Indiana,18,157,450393,73133,0.681976673,0.024653713,0.293369614,0.308,0.025,0.319,0.023
TODD,05,MN,1,27153,0500000US27153,Minnesota,27,153,659521,30434,0.116481567,0.182821844,0.700696589,0.767,0.438,0.756,0.467
TOOELE,08,UT,2,49045,0500000US49045,Utah,49,45,1448036,28879,0.003324215,0.677343398,0.319332387,0.964,0.99,1,0.997
TUSCARAWAS,05,OH,1,39157,0500000US39157,Ohio,39,157,1074090,64191,0.025392968,0.449455531,0.525151501,0.77,0.27,0.77,0.257
ULSTER,02,NY,2,36111,0500000US36111,New York,36,111,974153,95503,0.094373999,0.128938358,0.776687643,0.951,0.317,0.902,0.311
UNION,02,NJ,2,34039,0500000US34039,New Jersey,34,39,882235,156007,0.779888082,0.045677438,0.174434481,0.1,0.183,0.1,0.18
UNION,06,AR,1,5139,0500000US05139,Arkansas,5,139,69903,28085,0.03200997,0.439843333,0.528146698,0.257,0.4,0.257,0.387
UNION,06,LA,1,22111,0500000US22111,Louisiana,22,111,559528,17929,0.011991745,0.134195995,0.853812259,0.524,0.383,0.508,0.376
VANDERBURGH,05,IN,1,18163,0500000US18163,Indiana,18,163,450396,90216,0.590028376,0.087600869,0.322370755,0.703,0.112,0.692,0.104
VEGA BAJA,02,PR,1,NA,NA,NA,NA,NA,NA,NA,NA,NA,NA,NA,NA,NA,NA
VENTURA,09,CA,1,6111,0500000US06111,California,6,111,277320,270715,0.319912085,0.548207525,0.131880391,0.439,0.937,0.526,0.964
VERMILION,05,IL,1,17183,0500000US17183,Illinois,17,183,1785114,56147,0.542807274,0.162448572,0.294744154,0.158,0.024,0.158,0.023
VIEQUES,02,PR,1,NA,NA,NA,NA,NA,NA,NA,NA,NA,NA,NA,NA,NA,NA
VIGO,05,IN,1,18167,0500000US18167,Indiana,18,167,450398,59946,0.487004971,0.083124812,0.429870217,0.615,0.092,0.615,0.088
VIRGINIA BEACH CITY,03,VA,1,51810,0500000US51810,Virginia,51,810,1498559,136707,0.572940669,0.221166436,0.205892895,0.826,0.586,0.939,0.699
VOLUSIA,04,FL,1,12127,0500000US12127,Florida,12,127,306921,248592,0.402080517,0.223555062,0.37436442,0.818,0.943,0.818,0.935
WADENA,05,MN,1,27159,0500000US27159,Minnesota,27,159,659524,13827,0.10298691,0.176900268,0.720112823,0.884,0.573,0.895,0.64
WAKE,04,NC,3,37183,0500000US37183,North Carolina,37,183,1008592,366206,0.244610957,0.216847894,0.538541149,0.071,0.273,0.051,0.257
WALKER,04,GA,1,13295,0500000US13295,Georgia,13,295,354216,39234,0.026533109,0.147550594,0.825916297,0.93,0.755,0.899,0.712
WALLER,06,TX,1,48473,0500000US48473,Texas,48,473,1384022,33136,0.007061806,0.205727909,0.787210285,0.336,0.715,0.261,0.678
WALWORTH,05,WI,1,55127,0500000US55127,Wisconsin,55,127,1581123,60516,0.421326591,0.106302465,0.472370943,0.324,0.143,0.324,0.145
WARREN,02,NJ,1,34041,0500000US34041,New Jersey,34,41,882237,49598,0.060950038,0.305173596,0.633876366,0.4,0.307,0.4,0.314
WARREN,03,VA,1,51187,0500000US51187,Virginia,51,187,1674058,19790,0,0.243708944,0.756291056,0.697,0.492,0.712,0.503
WARREN,05,OH,1,39165,0500000US39165,Ohio,39,165,1074094,101233,0.378078295,0.125621092,0.496300613,0.483,0.141,0.483,0.128
WASCO,10,OR,1,41065,0500000US41065,Oregon,41,65,1155136,18294,0.003389089,0.50940199,0.487208921,1,0.997,0.914,0.991
WASHINGTON,01,ME,1,23029,0500000US23029,Maine,23,29,581300,30892,0.052699728,0.1714036,0.775896672,1,0.185,1,0.186
WASHINGTON,01,RI,3,44009,0500000US44009,Rhode Island,44,9,1219782,70903,0.319210753,0.2159147,0.464874547,0.5,0.135,0.5,0.157
WASHINGTON,02,NY,1,36115,0500000US36115,New York,36,115,974155,42851,0.071690276,0.23787076099999999,0.690438963,0.623,0.139,0.656,0.143
WASHINGTON,03,MD,1,24043,0500000US24043,Maryland,24,43,1714220,65918,0.357231712,0.122091083,0.520677205,0.565,0.355,0.565,0.362
WASHINGTON,04,AL,2,1129,0500000US01129,Alabama,1,129,161590,15210,6.5746e-5,0.046811308,0.953122945,0.864,0.803,0.864,0.774
WASHINGTON,05,MN,2,27163,0500000US27163,Minnesota,27,163,659526,103089,0.507154013,0.108808893,0.384037094,0.535,0.289,0.5,0.302
WASHINGTON,05,OH,1,39167,0500000US39167,Ohio,39,167,1074095,46081,0.010828758,0.334823463,0.654347779,0.793,0.276,0.805,0.268
WASHINGTON,07,MO,4,29221,0500000US29221,Missouri,29,221,758563,19590,0.001020929,0.078152118,0.920826953,0.632,0.577,0.632,0.551
WAUKESHA,05,WI,3,55133,0500000US55133,Wisconsin,55,133,1581126,170700,0.488271822,0.093380199,0.418347979,0.775,0.232,0.746,0.22
WAYNE,04,TN,1,47181,0500000US47181,Tennessee,47,181,1639798,13254,0.004074242,0.1084201,0.887505659,0.5,0.491,0.5,0.452
WEBER,08,UT,1,49057,0500000US49057,Utah,49,57,1448042,98566,0.506523548,0.278371852,0.2151046,0.643,0.866,0.607,0.905
WEBSTER,06,LA,1,22119,0500000US22119,Louisiana,22,119,559567,28234,0.025076149,0.349153503,0.625770348,0.54,0.405,0.556,0.393
WESTERN CONNECTICUT PLANNING REGION,01,CT,1,9190,0500000US09190,Connecticut,9,190,2830254,381959,0.288622601,0.13943905,0.571938349,0.625,0.249,0.625,0.259
WESTMORELAND,03,VA,1,51193,0500000US51193,Virginia,51,193,1480179,14994,0.045218087,0.264572496,0.690209417,0.235,0.272,0.273,0.279
WEXFORD,05,MI,2,26165,0500000US26165,Michigan,26,165,1623023,25312,0.161859987,0.143844817,0.694295196,0.646,0.214,0.634,0.221
WHATCOM,10,WA,1,53073,0500000US53073,Washington,53,73,1529224,107293,0.322891521,0.24863691,0.428471569,0.316,0.377,0.342,0.429
WHITLEY,05,IN,1,18183,0500000US18183,Indiana,18,183,450369,25310,0.541604109,0.014184117,0.444211774,0.253,0.018,0.264,0.018
WILL,05,IL,3,17197,0500000US17197,Illinois,17,197,1785190,263189,0.867118307,0.023257051,0.109624642,0.871,0.221,0.861,0.214
WILLIAMSON,05,IL,1,17199,0500000US17199,Illinois,17,199,1785215,46187,0.294390196,0.201658475,0.503951328,0.96,0.313,0.96,0.286
WINDHAM,01,VT,1,50025,0500000US50025,Vermont,50,25,1461769,33347,2.69889e-4,0.181425615,0.818304495,0.769,0.103,0.769,0.1
WINDSOR,01,VT,1,50027,0500000US50027,Vermont,50,27,1461770,42880,0.002448694,0.188572761,0.808978545,0.615,0.102,0.615,0.098
WINN,06,LA,1,22127,0500000US22127,Louisiana,22,127,559594,10178,5.89507e-4,0.208587149,0.790823344,0.762,0.493,0.714,0.486
WINNEBAGO,05,IL,5,17201,0500000US17201,Illinois,17,201,1785216,136594,0.799456784,0.036114324,0.164428891,0.624,0.118,0.624,0.113
WINSTON,04,MS,1,28159,0500000US28159,Mississippi,28,159,695800,14097,3.54685e-4,0.092360077,0.907285238,0.358,0.551,0.346,0.511
WOOD,03,WV,1,54107,0500000US54107,West Virginia,54,107,1560558,50930,0.242018457,0.296485372,0.461496171,0.056,0.271,0.056,0.261
WORCESTER,01,MA,1,25027,0500000US25027,Massachusetts,25,27,606940,309075,0.197366335,0.331728545,0.47090512,0.923,0.182,0.846,0.193
YADKIN,04,NC,1,37197,0500000US37197,North Carolina,37,197,1008597,34227,0.004061121,0.117012885,0.878925994,0.04,0.259,0.02,0.238
YAKIMA,10,WA,1,53077,0500000US53077,Washington,53,77,1531929,121396,0.397311279,0.19439685,0.408291871,0.921,0.994,0.921,0.991
YAMHILL,10,OR,1,41071,0500000US41071,Oregon,41,71,1135866,53250,0.209389671,0.387173709,0.40343662,0.114,0.254,0.114,0.258
YAVAPAI,09,AZ,1,4025,0500000US04025,Arizona,4,25,42809,137538,0.058500196,0.437290058,0.504209746,0.5,0.862,0.5,0.895
YELL,06,AR,2,5149,0500000US05149,Arkansas,5,149,69908,17481,6.29255e-4,0.167038499,0.832332246,0.662,0.683,0.608,0.628
YELLOWSTONE,08,MT,1,30111,0500000US30111,Montana,30,111,1719558,86498,0.370366945,0.372690698,0.256942357,0.655,0.865,0.636,0.859
YOLO,09,CA,1,6113,0500000US06113,California,6,113,277321,72597,0.67495902,0.170971252,0.154069727,0.316,0.909,0.333,0.923
YORK,01,ME,1,23031,0500000US23031,Maine,23,31,581301,121312,0.087732458,0.235450739,0.676816803,0.933,0.133,0.933,0.137
YORK,03,PA,3,42133,0500000US42133,Pennsylvania,42,133,1209193,200139,0.260713804,0.186500382,0.552785814,0.061,0.108,0.061,0.124
YORK,03,VA,4,51199,0500000US51199,Virginia,51,199,1480182,28465,0.142842087,0.251888284,0.605269629,0.515,0.352,0.485,0.345
YORK,04,SC,2,45091,0500000US45091,South Carolina,45,91,1248019,113543,0.080418872,0.25064513,0.668935998,0,0.487,0,0.446
YORK,07,NE,1,31185,0500000US31185,Nebraska,31,185,835914,14300,0.726713287,0,0.273286713,0,0.11,0,0.138
YUMA,09,AZ,1,4027,0500000US04027,Arizona,4,27,23901,93574,0.421794516,0.353495629,0.22470985499999999,0,0.409,0,0.391
